Hochschulkurzname,Hochschulname,Hochschultyp,Trägerschaft,Bundesland,Anzahl Studierende,Gründungsjahr,Promotionsrecht,Habilitationsrecht,Straße,Postleitzahl (Hausanschrift),Ort (Hausanschrift),Home Page
Aachen FH,Fachhochschule Aachen,Fachhochschulen / HAW,öffentlich-rechtlich,Nordrhein-Westfalen,14086.0,1971,Nein,Nein,Bayernallee 11,52066.0,Aachen,http://www.fh-aachen.de
Aachen TH,Rheinisch-Westfälische Technische Hochschule Aachen,Universitäten,öffentlich-rechtlich,Nordrhein-Westfalen,45527.0,1870,Ja,Ja,Templergraben 55,52062.0,Aachen,https://www.rwth-aachen.de
Aalen H,Hochschule Aalen - Technik und Wirtschaft,Fachhochschulen / HAW,öffentlich-rechtlich,Baden-Württemberg,4559.0,1962,Nein,Nein,Beethovenstraße 1,73430.0,Aalen,http://www.hs-aalen.de
Albstadt-Sigmaringen H,Hochschule Albstadt-Sigmaringen,Fachhochschulen / HAW,öffentlich-rechtlich,Baden-Württemberg,2666.0,1971,Nein,Nein,Anton-Günther-Straße 51,72488.0,Sigmaringen,www.hs-albsig.de
Alfter HfKuG,Alanus Hochschule für Kunst und Gesellschaft,Künstlerische Hochschulen,"privat, staatlich anerkannt",Nordrhein-Westfalen,1564.0,1973,Ja,Nein,Villestraße 3,53347.0,Alfter,https://www.alanus.edu/de/home
Amberg-Weiden OTH,Ostbayerische Technische Hochschule Amberg-Weiden,Fachhochschulen / HAW,öffentlich-rechtlich,Bayern,4077.0,1994,Ja,Nein,Kaiser-Wilhelm-Ring 23,92224.0,Amberg,http://www.oth-aw.de/
Anhalt H,Hochschule Anhalt - Anhalt University of Applied Sciences,Fachhochschulen / HAW,öffentlich-rechtlich,Sachsen-Anhalt,7067.0,1991,Ja,Nein,Bernburger Straße 55,6366.0,Köthen,http://www.hs-anhalt.de
Ansbach H,Hochschule für angewandte Wissenschaften Ansbach,Fachhochschulen / HAW,öffentlich-rechtlich,Bayern,3898.0,1996,Ja,Nein,Residenzstraße 8,91522.0,Ansbach,http://www.hs-ansbach.de
Aschaffenburg TH,Technische Hochschule Aschaffenburg,Fachhochschulen / HAW,öffentlich-rechtlich,Bayern,3559.0,1995,Nein,Nein,Würzburger Straße 45,63743.0,Aschaffenburg,http://www.th-ab.de
Augsburg TH,Technische Hochschule Augsburg,Fachhochschulen / HAW,öffentlich-rechtlich,Bayern,7025.0,1710,Nein,Nein,An der Hochschule 1,86161.0,Augsburg,https://www.tha.de/
Augsburg U,Universität Augsburg,Universitäten,öffentlich-rechtlich,Bayern,19089.0,1970,Ja,Ja,Universitätsstraße 2,86159.0,Augsburg,http://www.uni-augsburg.de
Baden-Württemberg HRecht (Verw),Hochschule für Rechtspflege Schwetzingen,Verwaltungshochschule,öffentlich-rechtlich,Baden-Württemberg,716.0,1953,Nein,Nein,Karlsruher Straße 2,68723.0,Schwetzingen,"http://www.hfr-bw.de/pb/,Lde/Startseite"
Baden-Württemberg HVerw/Finanzen(Verw),Hochschule für öffentliche Verwaltung und Finanzen Ludwigsburg,Verwaltungshochschule,öffentlich-rechtlich,Baden-Württemberg,2792.0,1999,Nein,Nein,Reuteallee 36,71634.0,Ludwigsburg,https://www.hs-ludwigsburg.de/
Baden-Württemberg HVerw (Verw),Hochschule für öffentliche Verwaltung Kehl,Verwaltungshochschule,öffentlich-rechtlich,Baden-Württemberg,1421.0,1971,Nein,Nein,Kinzigallee 1,77694.0,Kehl,https://www.hs-kehl.de/
Bad Homburg accadisFH,accadis Hochschule Bad Homburg,Fachhochschulen / HAW,"privat, staatlich anerkannt",Hessen,448.0,1980,Nein,Nein,SÜDCAMPUS Bad Homburg Am Weidenring 4,61352.0,Bad Homburg,https://www.accadis.com/contact.aspx
Bad Liebenzell IHL,Internationale Hochschule Liebenzell (IHL),Fachhochschulen / HAW,"privat, staatlich anerkannt",Baden-Württemberg,305.0,2011,Nein,Nein,Heinrich-Coerper-Weg 11,75378.0,Bad Liebenzell,http://www.ihl.eu
Bamberg U,Otto-Friedrich-Universität Bamberg,Universitäten,öffentlich-rechtlich,Bayern,10734.0,1647,Ja,Ja,Kapuzinerstr. 25,96047.0,Bamberg,http://www.uni-bamberg.de/
Bayreuth HfKiM,Hochschule für evangelische Kirchenmusik der Evangelisch-Lutherischen Kirche in Bayern,Künstlerische Hochschulen,"kirchlich, staatlich anerkannt",Bayern,26.0,2000,Nein,Nein,Wilhelminenstraße 9,95444.0,Bayreuth,http://www.hfk-bayreuth.de
Bayreuth U,Universität Bayreuth,Universitäten,öffentlich-rechtlich,Bayern,11924.0,1972,Ja,Ja,Universitätsstraße 30,95447.0,Bayreuth,http://www.uni-bayreuth.de
Berlin Akkon,Akkon-Hochschule,Fachhochschulen / HAW,"privat, staatlich anerkannt",Berlin,1406.0,2009,Nein,Nein,Colditzstraße 34-36,12099.0,Berlin,http://www.akkon-hochschule.de
Berlin ASH,Alice Salomon Hochschule Berlin,Fachhochschulen / HAW,öffentlich-rechtlich,Berlin,4299.0,1971,Nein,Nein,Alice-Salomon-Platz 5,12627.0,Berlin,http://www.ash-berlin.eu
Berlin bbw,bbw Hochschule,Fachhochschulen / HAW,"privat, staatlich anerkannt",Berlin,822.0,2007,Nein,Nein,Wagner-Régeny-Straße 21,12489.0,Berlin,http://www.bbw-hochschule.de
Berlin BC,"Bard College Berlin, A Liberal Arts University",Universitäten,"privat, staatlich anerkannt",Berlin,312.0,1999,Nein,Nein,Platanenstrasse 24,13156.0,Berlin,http://www.berlin.bard.edu
Berlin BHT,Berliner Hochschule für Technik,Fachhochschulen / HAW,öffentlich-rechtlich,Berlin,12296.0,1971,Nein,Nein,Luxemburger Str. 10,13353.0,Berlin,https://www.bht-berlin.de/
Berlin BIU,Berlin International University of Applied Sciences,Fachhochschulen / HAW,"privat, staatlich anerkannt",Berlin,530.0,2014,Nein,Nein,Salzufer 6,10587.0,Berlin,http://www.berlin-international.de/
Berlin BSA,Barenboim-Said Akademie,Künstlerische Hochschulen,"privat, staatlich anerkannt",Berlin,77.0,2016,Nein,Nein,Französische Straße 33D,10117.0,Berlin,www.barenboimsaid.de
Berlin BSP,BSP Business and Law School - Hochschule für Management und Recht,Fachhochschulen / HAW,"privat, staatlich anerkannt",Berlin,1750.0,2009,Nein,Nein,Calandrellistraße 1-9,12247.0,Berlin,https://www.businessschool-berlin.de/
Berlin CODE,CODE University of Applied Sciences,Fachhochschulen / HAW,"privat, staatlich anerkannt",Berlin,610.0,2017,Nein,Nein,Lohmühlenstr. 65,12435.0,Berlin,https://code.berlin/de/
Berlin DBU,Digital Business University of Applied Sciences,Fachhochschulen / HAW,"privat, staatlich anerkannt",Berlin,282.0,2018,Nein,Nein,Oranienstr. 185,10999.0,Berlin,https://dbuas.de/
Berlin DHGS,DHGS Deutsche Hochschule für Gesundheit und Sport,Fachhochschulen / HAW,"privat, staatlich anerkannt",Berlin,1865.0,2007,Nein,Nein,Franklinstr. 28-29,10587.0,Berlin,https://dhgs-hochschule.de
Berlin ESCP,ESCP Europe Wirtschaftshochschule Berlin e.V.,Universitäten,"privat, staatlich anerkannt",Berlin,1254.0,1819,Ja,Nein,Heubnerweg 8-10,14059.0,Berlin,http://www.escp.eu
Berlin ESMT,ESMT European School of Management and Technology,Universitäten,"privat, staatlich anerkannt",Berlin,820.0,2002,Ja,Nein,Schlossplatz 1,10178.0,Berlin,http://www.esmt.org/en/home
Berlin EvH,Evangelische Hochschule Berlin,Fachhochschulen / HAW,"kirchlich, staatlich anerkannt",Berlin,1696.0,1904,Nein,Nein,Teltower Damm 118-122,14167.0,Berlin,http://www.eh-berlin.de
Berlin FHTouro,Touro College Berlin,Fachhochschulen / HAW,"privat, staatlich anerkannt",Berlin,129.0,2003,Nein,Nein,Am Rupenhorn 5,14055.0,Berlin,http://www.touroberlin.de
Berlin FU,Freie Universität Berlin,Universitäten,öffentlich-rechtlich,Berlin,42090.0,1948,Ja,Ja,Kaiserswerther Str. 16-18,14195.0,Berlin,http://www.fu-berlin.de
Berlin Hertie,Hertie School,Universitäten,"privat, staatlich anerkannt",Berlin,716.0,2004,Ja,Nein,"Quartier 110, Friedrichstraße 180",10117.0,Berlin,https://www.hertie-school.org/en/
Berlin HfM,Hochschule für Musik Hanns Eisler Berlin,Künstlerische Hochschulen,öffentlich-rechtlich,Berlin,556.0,1950,Nein,Nein,Charlottenstraße 55,10117.0,Berlin,http://www.hfm-berlin.de
Berlin HfS,Hochschule für Schauspielkunst Ernst Busch,Künstlerische Hochschulen,öffentlich-rechtlich,Berlin,222.0,1905,Nein,Nein,Zinnowitzer Straße 11,10115.0,Berlin,http://www.hfs-berlin.de
Berlin HMKW,"HMKW Hochschule für Medien, Kommunikation und Wirtschaft",Fachhochschulen / HAW,"privat, staatlich anerkannt",Berlin,2038.0,2008,Nein,Nein,Ackerstraße 76,13355.0,Berlin,www.hmkw.de
Berlin HSAP,Hochschule für Soziale Arbeit und Pädagogik (HSAP) gemeinnützige Betriebsgesellschaft mbH,Fachhochschulen / HAW,"privat, staatlich anerkannt",Berlin,561.0,2013,Nein,Nein,Alt-Stralau 37-39,10245.0,Berlin,https://www.hsap.de
Berlin HTW,Hochschule für Technik und Wirtschaft Berlin,Fachhochschulen / HAW,öffentlich-rechtlich,Berlin,14523.0,1994,Nein,Nein,Treskowallee 8,10318.0,Berlin,https://www.htw-berlin.de
Berlin HU,Humboldt-Universität zu Berlin,Universitäten,öffentlich-rechtlich,Berlin,40144.0,1810,Ja,Ja,Unter den Linden 6,10117.0,Berlin,https://www.hu-berlin.de/de/service/kontakt/
Berlin HWR,Hochschule für Wirtschaft und Recht Berlin,Fachhochschulen / HAW,öffentlich-rechtlich,Berlin,11454.0,1971,Nein,Nein,Badensche Straße 52,10825.0,Berlin,https://www.hwr-berlin.de
Berlin IB,IB Hochschule für Gesundheit und Soziales,Fachhochschulen / HAW,"privat, staatlich anerkannt",Berlin,512.0,2006,Nein,Nein,Warener Str. 7 c/o BG Klinikum Unfallkrankenhaus Berlin gGmbH,12683.0,Berlin,https://www.ib-hochschule.de
Berlin IPU,International Psychoanalytic University Berlin,Universitäten,"privat, staatlich anerkannt",Berlin,872.0,2009,Nein,Nein,Stromstr. 3b,10555.0,Berlin,https://www.ipu-berlin.de
Berlin KHS,Katholische Hochschule für Sozialwesen Berlin (KHSB) - Staatlich anerkannte Fachhochschule für Sozialwesen,Fachhochschulen / HAW,"kirchlich, staatlich anerkannt",Berlin,1219.0,1991,Nein,Nein,Köpenicker Allee 39-57,10318.0,Berlin,http://www.khsb-berlin.de
Berlin MDH,Mediadesign Hochschule für Design und Informatik,Fachhochschulen / HAW,"privat, staatlich anerkannt",Berlin,751.0,2004,Nein,Nein,Franklinstraße 28 - 29,10587.0,Berlin,http://www.mediadesign.de
Berlin MSB,Medical School Berlin - Hochschule für Gesundheit und Medizin (MSB),Fachhochschulen / HAW,"privat, staatlich anerkannt",Berlin,2840.0,2012,Nein,Nein,Rüdesheimer Str. 50,14197.0,Berlin,www.medicalschool-berlin.de
Berlin PHB,Psychologische Hochschule Berlin (PHB),Universitäten,"privat, staatlich anerkannt",Berlin,731.0,2010,Nein,Nein,Am Köllnischen Park 2,10179.0,Berlin,http://www.psychologische-hochschule.de
Berlin SRH,SRH Berlin University of Applied Sciences,Fachhochschulen / HAW,"privat, staatlich anerkannt",Berlin,2868.0,2002,Nein,Nein,Ernst-Reuter-Platz 10,10587.0,Berlin,https://www.srh-berlin.de/
Berlin TU,Technische Universität Berlin,Universitäten,öffentlich-rechtlich,Berlin,35101.0,1879,Ja,Ja,Straße des 17. Juni 135,10623.0,Berlin,http://www.tu.berlin
Berlin UdK,Universität der Künste Berlin,Künstlerische Hochschulen,öffentlich-rechtlich,Berlin,4191.0,1699,Ja,Ja,Einsteinufer 43,10587.0,Berlin,http://www.udk-berlin.de
Berlin VICTORIA,VICTORIA | Internationale Hochschule,Fachhochschulen / HAW,"privat, staatlich anerkannt",Berlin,586.0,2011,Nein,Nein,Bernburger Straße 24-25,10963.0,Berlin,https://www.victoria-hochschule.de/
Berlin-Weißensee KHB,weißensee kunsthochschule berlin,Künstlerische Hochschulen,öffentlich-rechtlich,Berlin,823.0,1946,Nein,Nein,Bühringstraße 20,13086.0,Berlin,http://www.kh-berlin.de
Biberach H,"Hochschule Biberach - Architektur und Bauwesen, Betriebswirtschaft und Biotechnologie",Fachhochschulen / HAW,öffentlich-rechtlich,Baden-Württemberg,2270.0,1964,Nein,Nein,Karlstraße 11,88400.0,Biberach,http://www.hochschule-biberach.de
Bielefeld FHDiakonie,Fachhochschule der Diakonie - Diaconia - University of Applied Sciences,Fachhochschulen / HAW,"kirchlich, staatlich anerkannt",Nordrhein-Westfalen,754.0,2006,Nein,Nein,Bethelweg 8,33617.0,Bielefeld,http://www.fh-diakonie.de
Bielefeld FHM,Fachhochschule des Mittelstands (FHM),Fachhochschulen / HAW,"privat, staatlich anerkannt",Nordrhein-Westfalen,5550.0,2000,Nein,Nein,Ravensberger Straße 10 G,33602.0,Bielefeld,http://www.fh-mittelstand.de/profil
Bielefeld H,Hochschule Bielefeld - University of Applied Sciences and Arts (HSBI),Fachhochschulen / HAW,öffentlich-rechtlich,Nordrhein-Westfalen,10538.0,1971,Nein,Nein,Interaktion 1,33619.0,Bielefeld,https://www.hsbi.de
Bielefeld U,Universität Bielefeld,Universitäten,öffentlich-rechtlich,Nordrhein-Westfalen,23539.0,1969,Ja,Ja,Universitätsstraße 25,33615.0,Bielefeld,http://www.uni-bielefeld.de/
Bingen TH,Technische Hochschule Bingen,Fachhochschulen / HAW,öffentlich-rechtlich,Rheinland-Pfalz,2433.0,1897,Nein,Nein,Berlinstraße 109,55411.0,Bingen,https://www.th-bingen.de/home/
Bochum EBZ,EBZ Business School - University of Applied Sciences,Fachhochschulen / HAW,"privat, staatlich anerkannt",Nordrhein-Westfalen,1114.0,2008,Nein,Nein,Springorumallee 20,44795.0,Bochum,https://www.ebz-business-school.de/
Bochum H,Hochschule Bochum - University of Applied Sciences,Fachhochschulen / HAW,öffentlich-rechtlich,Nordrhein-Westfalen,7695.0,1971,Nein,Nein,Am Hochschulcampus 1,44801.0,Bochum,http://www.hochschule-bochum.de
Bochum HGesundheit,Hochschule für Gesundheit - University of Applied Sciences,Fachhochschulen / HAW,öffentlich-rechtlich,Nordrhein-Westfalen,1808.0,2009,Nein,Nein,Gesundheitscampus 6-8,44801.0,Bochum,http://www.hs-gesundheit.de
Bochum Rheinland-Westfalen-Lippe EvH,Evangelische Hochschule Rheinland-Westfalen-Lippe,Fachhochschulen / HAW,"kirchlich, staatlich anerkannt",Nordrhein-Westfalen,2558.0,1971,Nein,Nein,Immanuel-Kant-Straße 18-20,44803.0,Bochum,http://www.evh-bochum.de
Bochum TH,Technische Hochschule Georg Agricola,Fachhochschulen / HAW,"privat, staatlich anerkannt",Nordrhein-Westfalen,2316.0,1816,Nein,Nein,Herner Straße 45,44787.0,Bochum,http://www.thga.de
Bochum U,Ruhr-Universität Bochum,Universitäten,öffentlich-rechtlich,Nordrhein-Westfalen,38939.0,1962,Ja,Ja,Universitätsstraße 150,44801.0,Bochum,http://www.ruhr-uni-bochum.de
Bonn HFinMan,Hochschule für Finanzwirtschaft & Management,Fachhochschulen / HAW,"privat, staatlich anerkannt",Nordrhein-Westfalen,710.0,2003,Nein,Nein,Simrockstraße 4,53113.0,Bonn,http://www.s-hochschule.de
Bonn-Rhein-Sieg H,"Hochschule Bonn-Rhein-Sieg, University of Applied Sciences",Fachhochschulen / HAW,öffentlich-rechtlich,Nordrhein-Westfalen,9070.0,1995,Nein,Nein,Grantham-Allee 20,53757.0,Sankt Augustin,www.h-brs.de
Bonn U,Rheinische Friedrich-Wilhelms-Universität Bonn,Universitäten,öffentlich-rechtlich,Nordrhein-Westfalen,34630.0,1818,Ja,Ja,Regina-Pacis-Weg 3,53113.0,Bonn,http://www.uni-bonn.de
Brandenburg FHFinanz (Verw),Fachhochschule für Finanzen Brandenburg,Verwaltungshochschule,öffentlich-rechtlich,Brandenburg,978.0,1991,Nein,Nein,Schillerstraße 6,15711.0,Königs Wusterhausen,https://fhf.brandenburg.de/fhf/de/
Brandenburg FHPol (Verw),Fachhochschule der Polizei Brandenburg,Verwaltungshochschule,öffentlich-rechtlich,Brandenburg,763.0,1998,Nein,Nein,Bernauer Str. 146,16515.0,Oranienburg,https://hpolbb.de/
Brandenburg TH,Technische Hochschule Brandenburg,Fachhochschulen / HAW,öffentlich-rechtlich,Brandenburg,2217.0,1992,Nein,Nein,Magdeburger Straße 50,14770.0,Brandenburg,http://www.th-brandenburg.de
Braunschweig HBK,Hochschule für Bildende Künste Braunschweig,Künstlerische Hochschulen,öffentlich-rechtlich,Niedersachsen,931.0,1963,Ja,Ja,Johannes-Selenka-Platz 1,38118.0,Braunschweig,https://www.hbk-bs.de
Braunschweig TU,Technische Universität Carolo-Wilhelmina zu Braunschweig,Universitäten,öffentlich-rechtlich,Niedersachsen,16155.0,1745,Ja,Ja,Universitätsplatz 2,38106.0,Braunschweig,https://www.tu-braunschweig.de
Bremen CU,Constructor University,Universitäten,"privat, staatlich anerkannt",Bremen,1483.0,1999,Ja,Nein,Campus Ring 1,28759.0,Bremen,https://constructor.university/
Bremen FernFH,APOLLON Hochschule der Gesundheitswirtschaft,Fachhochschulen / HAW,"privat, staatlich anerkannt",Bremen,3365.0,2005,Nein,Nein,Universitätsallee 18,28359.0,Bremen,http://www.apollon-hochschule.de/redirect.php?id=32
Bremen H,Hochschule Bremen,Fachhochschulen / HAW,öffentlich-rechtlich,Bremen,8672.0,1982,Nein,Nein,Neustadtwall 30,28199.0,Bremen,http://www.hs-bremen.de
Bremen HfK,Hochschule für Künste Bremen,Künstlerische Hochschulen,öffentlich-rechtlich,Bremen,1011.0,1873,Nein,Nein,Am Speicher XI 8,28217.0,Bremen,http://www.hfk-bremen.de
Bremen U,Universität Bremen,Universitäten,öffentlich-rechtlich,Bremen,18335.0,1971,Ja,Ja,Bibliothekstraße 1,28359.0,Bremen,http://www.uni-bremen.de
Bremen VerwH (Verw),Hochschule für Öffentliche Verwaltung Bremen,Verwaltungshochschule,öffentlich-rechtlich,Bremen,648.0,1979,Nein,Nein,Doventorscontrescarpe 172c,28195.0,Bremen,www.hfoev.bremen.de
Bremerhaven H,Hochschule Bremerhaven,Fachhochschulen / HAW,öffentlich-rechtlich,Bremen,2816.0,1975,Nein,Nein,An der Karlstadt 8,27568.0,Bremerhaven,http://www.hs-bremerhaven.de
Brühl EUFH,"Europäische Fachhochschule Rhein/Erft, european university of applied sciences",Fachhochschulen / HAW,"privat, staatlich anerkannt",Nordrhein-Westfalen,2180.0,2001,Nein,Nein,Kaiserstraße 6,50321.0,Brühl,https://www.eufh.de
Brühl HSBund (Verw),Hochschule des Bundes für öffentliche Verwaltung,Verwaltungshochschule,öffentlich-rechtlich,Nordrhein-Westfalen,9195.0,1979,Nein,Nein,Willy-Brandt-Straße 1,50321.0,Brühl,https://www.hsbund.de/
Buxtehude FH,hochschule 21,Fachhochschulen / HAW,"privat, staatlich anerkannt",Niedersachsen,1067.0,2005,Nein,Nein,Harburger Straße 6,21614.0,Buxtehude,https://www.hs21.de
Chemnitz TU,Technische Universität Chemnitz,Universitäten,öffentlich-rechtlich,Sachsen,8380.0,1836,Ja,Ja,Straße der Nationen 62,9111.0,Chemnitz,http://www.tu-chemnitz.de
Clausthal TU,Technische Universität Clausthal,Universitäten,öffentlich-rechtlich,Niedersachsen,2753.0,1775,Ja,Ja,Adolph-Roemer-Straße 2 A,38678.0,Clausthal-Zellerfeld,https://www.tu-clausthal.de
Coburg H,Hochschule für angewandte Wissenschaften Coburg,Fachhochschulen / HAW,öffentlich-rechtlich,Bayern,4700.0,1814,Nein,Nein,Friedrich-Streib-Straße 2,96450.0,Coburg,http://www.hs-coburg.de
Cottbus-Senftenberg TU,Brandenburgische Technische Universität Cottbus-Senftenberg,Universitäten,öffentlich-rechtlich,Brandenburg,6587.0,2013,Ja,Ja,Platz der Dt. Einheit 1,3046.0,Cottbus,http://www.b-tu.de
Darmstadt EvH,Evangelische Hochschule Darmstadt (staatlich anerkannt) – Kirchliche Körperschaft des öffentlichen Rechts,Fachhochschulen / HAW,"kirchlich, staatlich anerkannt",Hessen,1333.0,1971,Nein,Nein,Zweifalltorweg 12,64293.0,Darmstadt,http://www.eh-darmstadt.de
Darmstadt FernH,Wilhelm Büchner Hochschule - Private Fernhochschule Darmstadt,Fachhochschulen / HAW,"privat, staatlich anerkannt",Hessen,4915.0,1997,Nein,Nein,Hilpertstr. 31,64295.0,Darmstadt,http://www.wb-fernstudium.de?referrer=hochschulkompass_portal
Darmstadt H,Hochschule Darmstadt,Fachhochschulen / HAW,öffentlich-rechtlich,Hessen,15474.0,1876,Ja,Nein,Schöfferstraße 3,64295.0,Darmstadt,http://www.h-da.de/
Darmstadt TU,Technische Universität Darmstadt,Universitäten,öffentlich-rechtlich,Hessen,24008.0,1877,Ja,Ja,Karolinenplatz 5,64289.0,Darmstadt,http://www.tu-darmstadt.de
Deggendorf TH,Technische Hochschule Deggendorf,Fachhochschulen / HAW,öffentlich-rechtlich,Bayern,8660.0,1994,Nein,Nein,Dieter-Görlitz-Platz 1,94469.0,Deggendorf,http://www.th-deg.de
Detmold HfM,Hochschule für Musik Detmold,Künstlerische Hochschulen,öffentlich-rechtlich,Nordrhein-Westfalen,637.0,1946,Ja,Nein,Neustadt 22,32756.0,Detmold,http://www.hfm-detmold.de/
Dortmund FH,Fachhochschule Dortmund,Fachhochschulen / HAW,öffentlich-rechtlich,Nordrhein-Westfalen,14371.0,1890,Nein,Nein,Sonnenstraße 96,44139.0,Dortmund,http://www.fh-dortmund.de
Dortmund ISM,International School of Management,Fachhochschulen / HAW,"privat, staatlich anerkannt",Nordrhein-Westfalen,3444.0,1990,Nein,Nein,Otto-Hahn-Straße 19,44227.0,Dortmund,https://www.ism.de
Dortmund TU,Technische Universität Dortmund,Universitäten,öffentlich-rechtlich,Nordrhein-Westfalen,30013.0,1968,Ja,Ja,August-Schmidt-Straße 4,44227.0,Dortmund,http://www.tu-dortmund.de
Dresden DIU,DIU - Dresden International University GmbH,Universitäten,"privat, staatlich anerkannt",Sachsen,1283.0,2003,Nein,Nein,Freiberger Straße 37,1067.0,Dresden,https://www.di-uni.de/
Dresden EvH,Evangelische Hochschule Dresden,Fachhochschulen / HAW,"kirchlich, staatlich anerkannt",Sachsen,839.0,1991,Nein,Nein,Dürerstraße 25,1307.0,Dresden,www.ehs-dresden.de
Dresden HfBK,Hochschule für Bildende Künste Dresden,Künstlerische Hochschulen,öffentlich-rechtlich,Sachsen,555.0,1764,Ja,Nein,Güntzstraße 34,1307.0,Dresden,http://www.hfbk-dresden.de
Dresden HfKiM,Hochschule für Kirchenmusik der Evangelisch-Lutherischen Landeskirche Sachsens,Künstlerische Hochschulen,"kirchlich, staatlich anerkannt",Sachsen,24.0,1949,Nein,Nein,Käthe Kollwitz Ufer 97,1309.0,Dresden,http://www.kirchenmusik-dresden.de
Dresden HfM,Hochschule für Musik Carl Maria von Weber Dresden,Künstlerische Hochschulen,öffentlich-rechtlich,Sachsen,692.0,1856,Ja,Nein,Wettiner Platz 13,1067.0,Dresden,http://www.hfmdd.de
Dresden HfTanz,Palucca Hochschule für Tanz Dresden,Künstlerische Hochschulen,öffentlich-rechtlich,Sachsen,168.0,1925,Nein,Nein,Basteiplatz 4,1277.0,Dresden,http://www.palucca.eu
Dresden HTW,Hochschule für Technik und Wirtschaft Dresden  - University of Applied Sciences,Fachhochschulen / HAW,öffentlich-rechtlich,Sachsen,4634.0,1992,Nein,Nein,Friedrich-List-Platz 1,1069.0,Dresden,http://www.htw-dresden.de
Dresden PFH,Fachhochschule Dresden,Fachhochschulen / HAW,"privat, staatlich anerkannt",Sachsen,539.0,2010,Nein,Nein,Güntzstraße 1,1069.0,Dresden,https://www.fh-dresden.eu
Dresden TU,Technische Universität Dresden,Universitäten,öffentlich-rechtlich,Sachsen,28959.0,1828,Ja,Ja,Mommsenstraße 11,1069.0,Dresden,https://tu-dresden.de
Duisburg-Essen U,Universität Duisburg-Essen,Universitäten,öffentlich-rechtlich,Nordrhein-Westfalen,38001.0,2003,Ja,Ja,Universitätsstraße 2,45141.0,Essen,http://www.uni-due.de
Düsseldorf FliednerFH,Fliedner Fachhochschule Düsseldorf,Fachhochschulen / HAW,"privat, staatlich anerkannt",Nordrhein-Westfalen,2204.0,2011,Nein,Nein,Geschwister-Aufricht-Straße 9,40489.0,Düsseldorf,http://www.fliedner-fachhochschule.de
Düsseldorf H,Hochschule Düsseldorf,Fachhochschulen / HAW,öffentlich-rechtlich,Nordrhein-Westfalen,11172.0,1971,Nein,Nein,Münsterstraße 156,40476.0,Düsseldorf,https://www.hs-duesseldorf.de/studienangebot
Düsseldorf HfM,Robert-Schumann-Hochschule Düsseldorf,Künstlerische Hochschulen,öffentlich-rechtlich,Nordrhein-Westfalen,837.0,1935,Ja,Nein,Fischerstraße 110,40476.0,Düsseldorf,http://www.rsh-duesseldorf.de
Düsseldorf IST,IST-Hochschule für Management,Fachhochschulen / HAW,"privat, staatlich anerkannt",Nordrhein-Westfalen,4278.0,2012,Nein,Nein,Erkrather Str. 220 a-c,40233.0,Düsseldorf,https://www.ist-hochschule.de
Düsseldorf KuAk,Kunstakademie Düsseldorf,Künstlerische Hochschulen,öffentlich-rechtlich,Nordrhein-Westfalen,546.0,1814,Ja,Nein,Eiskellerstraße 1,40213.0,Düsseldorf,http://www.kunstakademie-duesseldorf.de
Düsseldorf U,Heinrich-Heine-Universität Düsseldorf,Universitäten,öffentlich-rechtlich,Nordrhein-Westfalen,29218.0,1965,Ja,Ja,Universitätsstraße 1,40225.0,Düsseldorf,http://www.hhu.de
Eberswalde H,Hochschule für nachhaltige Entwicklung Eberswalde,Fachhochschulen / HAW,öffentlich-rechtlich,Brandenburg,2297.0,1830,Nein,Nein,Schicklerstr. 5,16225.0,Eberswalde,https://www.hnee.de/
Eichstätt - Ingolstadt U,Katholische Universität Eichstätt - Ingolstadt,Universitäten,"kirchlich, staatlich anerkannt",Bayern,4800.0,1980,Ja,Ja,Ostenstraße 26,85072.0,Eichstätt,http://www.ku.de
Elmshorn FH Nordakademie,NORDAKADEMIE Hochschule der Wirtschaft,Fachhochschulen / HAW,"privat, staatlich anerkannt",Schleswig-Holstein,2481.0,1992,Nein,Nein,Köllner Chaussee 11,25337.0,Elmshorn,https://www.nordakademie.de
Elstal ThH,Theologische Hochschule Elstal,Fachhochschulen / HAW,"kirchlich, staatlich anerkannt",Brandenburg,39.0,1880,Nein,Nein,Johann-Gerhard-Oncken-Straße 7,14641.0,Wustermark,http://www.th-elstal.de/
Emden/Leer H,Hochschule Emden/Leer,Fachhochschulen / HAW,öffentlich-rechtlich,Niedersachsen,4264.0,2009,Nein,Nein,Constantiaplatz 4,26723.0,Emden,http://www.hs-emden-leer.de/
Erfurt FH,Fachhochschule Erfurt,Fachhochschulen / HAW,öffentlich-rechtlich,Thüringen,4063.0,1991,Nein,Nein,Altonaer Straße 25,99085.0,Erfurt,http://www.fh-erfurt.de
Erfurt HMU,HMU Health and Medical University,Hochschulen eigenen Typs,"privat, staatlich anerkannt",Thüringen,1433.0,2019,Nein,Nein,Nordhäuser Straße 74,99089.0,Erfurt,https://www.health-and-medical-university.de
Erfurt IU,IU Internationale Hochschule,Fachhochschulen / HAW,"privat, staatlich anerkannt",Thüringen,116027.0,1998,Nein,Nein,Juri-Gagarin-Ring 152,99084.0,Erfurt,https://www.iu.de/
Erfurt U,Universität Erfurt,Universitäten,öffentlich-rechtlich,Thüringen,5795.0,1994,Ja,Ja,Nordhäuser Straße 63,99089.0,Erfurt,http://www.uni-erfurt.de
Erlangen-Nürnberg U,Friedrich-Alexander-Universität Erlangen-Nürnberg,Universitäten,öffentlich-rechtlich,Bayern,38960.0,1743,Ja,Ja,Schlossplatz 4,91054.0,Erlangen,http://www.fau.de
Essen FOM,FOM Hochschule für Oekonomie & Management - University of Applied Sciences,Fachhochschulen / HAW,"privat, staatlich anerkannt",Nordrhein-Westfalen,47191.0,1993,Nein,Nein,Leimkugelstraße 6,45141.0,Essen,https://www.fom.de
Essen HBK,Hochschule der bildenden Künste (HBK) Essen,Künstlerische Hochschulen,"privat, staatlich anerkannt",Nordrhein-Westfalen,322.0,2013,Nein,Nein,Prinz-Friedrich-Str. 28 A,45257.0,Essen,http://hbk-essen.de/
Essen UdK,Folkwang Universität der Künste,Künstlerische Hochschulen,öffentlich-rechtlich,Nordrhein-Westfalen,1625.0,1927,Ja,Ja,Klemensborn 39,45239.0,Essen,http://www.folkwang-uni.de
Esslingen H,Hochschule Esslingen,Fachhochschulen / HAW,öffentlich-rechtlich,Baden-Württemberg,6594.0,1868,Nein,Nein,Kanalstraße 33,73728.0,Esslingen,http://www.hs-esslingen.de
Ewersbach ThH,Theologisches Hochschule Ewersbach,Fachhochschulen / HAW,"kirchlich, staatlich anerkannt",Hessen,47.0,1912,Nein,Nein,Jahnstraße 49-53,35716.0,Dietzhölztal,http://th-ewersbach.de
Flensburg H,Hochschule Flensburg,Fachhochschulen / HAW,öffentlich-rechtlich,Schleswig-Holstein,3355.0,1886,Nein,Nein,Kanzleistraße 91-93,24943.0,Flensburg,http://www.hs-flensburg.de
Flensburg U,Europa-Universität Flensburg,Universitäten,öffentlich-rechtlich,Schleswig-Holstein,5998.0,1946,Ja,Ja,Auf dem Campus 1,24943.0,Flensburg,http://www.uni-flensburg.de
Frankfurt am Main FH,Frankfurt University of Applied Sciences,Fachhochschulen / HAW,öffentlich-rechtlich,Hessen,15297.0,1971,Ja,Nein,Nibelungenplatz 1,60318.0,Frankfurt am Main,www.frankfurt-university.de
Frankfurt am Main FHProvadis,Provadis School of International Management and Technology,Fachhochschulen / HAW,"privat, staatlich anerkannt",Hessen,870.0,2003,Nein,Nein,Rudolf-Amthauer-Straße,65926.0,Frankfurt am Main,http://www.provadis-hochschule.de/
Frankfurt am Main FSFM,Frankfurt School of Finance & Management,Universitäten,"privat, staatlich anerkannt",Hessen,4381.0,1990,Ja,Nein,Adickesallee 32-34,60322.0,Frankfurt am Main,http://www.frankfurt-school.de/home
Frankfurt am Main HfBK,Hochschule für Bildende Künste (Städelschule),Künstlerische Hochschulen,öffentlich-rechtlich,Hessen,140.0,1817,Nein,Nein,Dürerstraße 10,60596.0,Frankfurt am Main,http://www.staedelschule.de
Frankfurt am Main HfM,Hochschule für Musik und Darstellende Kunst Frankfurt am Main,Künstlerische Hochschulen,öffentlich-rechtlich,Hessen,971.0,1878,Ja,Nein,Eschersheimer Landstraße 29-39,60322.0,Frankfurt am Main,https://www.hfmdk-frankfurt.de
Frankfurt am Main PhThH,Philosophisch-Theologische Hochschule Sankt Georgen Frankfurt am Main,Universitäten,"kirchlich, staatlich anerkannt",Hessen,221.0,1926,Ja,Ja,Offenbacher Landstraße 224,60599.0,Frankfurt am Main,http://www.sankt-georgen.de
Frankfurt am Main U,"Johann Wolfgang Goethe-Universität, Frankfurt am Main",Universitäten,öffentlich-rechtlich,Hessen,41107.0,1914,Ja,Ja,Theodor-W.-Adorno-Platz 1,60323.0,Frankfurt am Main,http://www.uni-frankfurt.de
Frankfurt am Main UoL,University of Labour,Fachhochschulen / HAW,"privat, staatlich anerkannt",Hessen,17.0,2021,Nein,Nein,Eschersheimer Landstr. 155-157,60323.0,Frankfurt am Main,https://www.university-of-labour.de/
Frankfurt (Oder) U,Europa-Universität Viadrina Frankfurt (Oder),Universitäten,öffentlich-rechtlich,Brandenburg,4230.0,1991,Ja,Ja,Große Scharrnstraße 59,15230.0,Frankfurt (Oder),https://www.europa-uni.de
Freiberg TUBergAk,Technische Universität Bergakademie Freiberg,Universitäten,öffentlich-rechtlich,Sachsen,4199.0,1765,Ja,Ja,Akademiestraße 6,9599.0,Freiberg,http://tu-freiberg.de
Freiburg EvHS,"Evangelische Hochschule Freiburg, staatlich anerkannte Hochschule der Evangelischen Landeskirche in Baden",Fachhochschulen / HAW,"kirchlich, staatlich anerkannt",Baden-Württemberg,898.0,1971,Nein,Nein,Bugginger Straße 38,79114.0,Freiburg,https://www.eh-freiburg.de
Freiburg HfM,Hochschule für Musik Freiburg im Breisgau,Künstlerische Hochschulen,öffentlich-rechtlich,Baden-Württemberg,627.0,1946,Ja,Ja,Mendelssohn-Bartholdy-Platz 1,79102.0,Freiburg,https://www.mh-freiburg.de
Freiburg KathHS,"Katholische Hochschule Freiburg, staatlich anerkannte Hochschule - Catholic University of Applied Sciences",Fachhochschulen / HAW,"kirchlich, staatlich anerkannt",Baden-Württemberg,1886.0,1971,Nein,Nein,Karlstraße 63,79104.0,Freiburg,www.kh-freiburg.de
Freiburg PH,Pädagogische Hochschule Freiburg,Universitäten,öffentlich-rechtlich,Baden-Württemberg,5013.0,1962,Ja,Ja,Kunzenweg 21,79117.0,Freiburg,http://www.ph-freiburg.de
Freiburg U,Albert-Ludwigs-Universität Freiburg im Breisgau,Universitäten,öffentlich-rechtlich,Baden-Württemberg,24197.0,1457,Ja,Ja,Fahnenbergplatz,79085.0,Freiburg,https://www.uni-freiburg.de
Friedensau ThH,Theologische Hochschule Friedensau,Universitäten,"kirchlich, staatlich anerkannt",Sachsen-Anhalt,224.0,1899,Nein,Nein,An der Ihle 19,39291.0,Friedensau,https://www.thh-friedensau.de/
Friedrichshafen ZU,"Zeppelin Universität - Hochschule zwischen Wirtschaft, Kultur und Politik",Universitäten,"privat, staatlich anerkannt",Baden-Württemberg,667.0,2003,Ja,Ja,Am Seemoser Horn 20,88045.0,Friedrichshafen,http://www.zu.de
Fulda H,Hochschule Fulda - University of Applied Sciences,Fachhochschulen / HAW,öffentlich-rechtlich,Hessen,8963.0,1974,Ja,Nein,Leipziger Straße 123,36037.0,Fulda,www.hs-fulda.de
Fulda ThFak,Theologische Fakultät Fulda,Universitäten,"kirchlich, staatlich anerkannt",Hessen,13.0,1734,Ja,Ja,Eduard-Schick-Platz 2,36037.0,Fulda,http://www.thf-fulda.de
Furtwangen H,"Hochschule Furtwangen - Informatik, Technik, Wirtschaft, Medien, Gesundheit",Fachhochschulen / HAW,öffentlich-rechtlich,Baden-Württemberg,4833.0,1850,Nein,Nein,Robert-Gerwig-Platz 1,78120.0,Furtwangen,http://www.hs-furtwangen.de
Geisenheim H,Hochschule Geisenheim,Hochschulen eigenen Typs,öffentlich-rechtlich,Hessen,1723.0,2013,Ja,Nein,Von-Lade-Straße 1,65366.0,Geisenheim,http://www.hs-geisenheim.de
Gera-Eisenach DH,Duale Hochschule Gera-Eisenach,Hochschulen eigenen Typs,öffentlich-rechtlich,Thüringen,1395.0,2016,Nein,Nein,Weg der Freundschaft 4,7546.0,Gera,https://www.dhge.de/
Gera H,SRH Hochschule für Gesundheit,Fachhochschulen / HAW,"privat, staatlich anerkannt",Thüringen,1434.0,2007,Nein,Nein,Neue Straße 28 - 30,7548.0,Gera,https://www.srh-gesundheitshochschule.de/
Giessen FThH,Freie Theologische Hochschule Gießen,Fachhochschulen / HAW,"privat, staatlich anerkannt",Hessen,191.0,1974,Nein,Nein,Rathenaustraße 5-7,35394.0,Gießen,http://www.fthgiessen.de
Giessen U,Justus-Liebig-Universität Gießen,Universitäten,öffentlich-rechtlich,Hessen,25461.0,1607,Ja,Ja,Ludwigstraße 23,35390.0,Gießen,http://www.uni-giessen.de
Göttingen PFH,PFH - Private Hochschule Göttingen,Fachhochschulen / HAW,"privat, staatlich anerkannt",Niedersachsen,4775.0,1995,Nein,Nein,Weender Landstr. 3-7,37073.0,Göttingen,www.pfh.de
Göttingen U,Georg-August-Universität Göttingen,Universitäten,öffentlich-rechtlich,Niedersachsen,27562.0,1737,Ja,Ja,Wilhelmsplatz 1,37073.0,Göttingen,http://www.uni-goettingen.de
Greifswald U,Universität Greifswald,Universitäten,öffentlich-rechtlich,Mecklenburg-Vorpommern,10296.0,1456,Ja,Ja,Domstraße 11,17489.0,Greifswald,http://www.uni-greifswald.de
Hachenburg HBundesbank (Verw),Hochschule der Deutschen Bundesbank,Verwaltungshochschule,öffentlich-rechtlich,Rheinland-Pfalz,408.0,1980,Nein,Nein,Schloss,57627.0,Hachenburg,http://www.hochschule-bundesbank.de
Hagen FernU,FernUniversität in Hagen,Universitäten,öffentlich-rechtlich,Nordrhein-Westfalen,63326.0,1974,Ja,Ja,Universitätsstraße 47,58097.0,Hagen,https://www.fernuni-hagen.de
Halle HfKiM,Evangelische Hochschule für Kirchenmusik,Künstlerische Hochschulen,"kirchlich, staatlich anerkannt",Sachsen-Anhalt,59.0,1926,Nein,Nein,Kleine Ulrichstraße 35,6108.0,Halle,http://www.ehk-halle.de
Halle KuH,Burg Giebichenstein Kunsthochschule Halle,Künstlerische Hochschulen,öffentlich-rechtlich,Sachsen-Anhalt,1194.0,1915,Ja,Nein,Neuwerk 7,6108.0,Halle,http://www.burg-halle.de
Halle-Wittenberg U,Martin-Luther-Universität Halle-Wittenberg,Universitäten,öffentlich-rechtlich,Sachsen-Anhalt,19227.0,1502,Ja,Ja,Universitätsplatz 11,6108.0,Halle,www.uni-halle.de
Hamburg AkFinanz (Verw),Norddeutsche Akademie für Finanzen und Steuerrecht,Verwaltungshochschule,öffentlich-rechtlich,Hamburg,349.0,2010,Nein,Nein,Hammer Steindamm 129,20535.0,Hamburg,https://www.hamburg.de/fb/norddeutsche-akademie-fuer-finanzen-und-steuerrecht-hamburg/
Hamburg AkPol (Verw),Akademie der Polizei Hamburg,Verwaltungshochschule,öffentlich-rechtlich,Hamburg,582.0,2013,Nein,Nein,Carl-Cohn-Straße 39,22297.0,Hamburg,https://akademie-der-polizei.hamburg.de/fachhochschulbereich
Hamburg BHH,Berufliche Hochschule Hamburg (BHH),Hochschulen eigenen Typs,öffentlich-rechtlich,Hamburg,219.0,2020,Nein,Nein,Anckelmannstraße 10,20537.0,Hamburg,https://bhh.hamburg.de/
Hamburg BLS,"Bucerius Law School, Hochschule für Rechtswissenschaft",Universitäten,"privat, staatlich anerkannt",Hamburg,849.0,2000,Ja,Ja,Jungiusstraße 6,20355.0,Hamburg,https://www.law-school.de
Hamburg EFH,Europäische Fernhochschule Hamburg,Fachhochschulen / HAW,"privat, staatlich anerkannt",Hamburg,9646.0,2003,Nein,Nein,Doberaner Weg 20-22,22143.0,Hamburg,http://www.euro-fh.de
Hamburg EvH,Evangelische Hochschule für Soziale Arbeit & Diakonie,Fachhochschulen / HAW,"kirchlich, staatlich anerkannt",Hamburg,731.0,1971,Nein,Nein,Horner Weg 170,22111.0,Hamburg,http://www.ev-hochschule-hh.de
Hamburg FernH,"Hamburger Fern-Hochschule, gemeinnützige GmbH",Fachhochschulen / HAW,"privat, staatlich anerkannt",Hamburg,14144.0,1997,Nein,Nein,Alter Teichweg 19,22081.0,Hamburg,https://www.hfh-fernstudium.de
Hamburg FHBrand,Brand University of Applied Sciences,Fachhochschulen / HAW,"privat, staatlich anerkannt",Hamburg,314.0,2010,Nein,Nein,Lilienstraße 5-9,20095.0,Hamburg,https://www.brand-university.de/
Hamburg HAW,Hochschule für Angewandte Wissenschaften Hamburg,Fachhochschulen / HAW,öffentlich-rechtlich,Hamburg,16877.0,1970,Nein,Nein,Berliner Tor 5,20099.0,Hamburg,https://www.haw-hamburg.de
Hamburg HCU,HafenCity Universität Hamburg,Universitäten,öffentlich-rechtlich,Hamburg,2518.0,2006,Ja,Ja,Henning-Voscherau-Platz 1,20457.0,Hamburg,http://www.hcu-hamburg.de
Hamburg HfBK,Hochschule für Bildende Künste Hamburg,Künstlerische Hochschulen,öffentlich-rechtlich,Hamburg,976.0,1767,Ja,Nein,Lerchenfeld 2,22081.0,Hamburg,http://www.hfbk-hamburg.de
Hamburg HfM,Hochschule für Musik und Theater Hamburg,Künstlerische Hochschulen,öffentlich-rechtlich,Hamburg,1380.0,1950,Ja,Nein,Harvestehuder Weg 12,20148.0,Hamburg,http://www.hfmt-hamburg.de
Hamburg HSBA,HSBA Hamburg School of Business Administration,Fachhochschulen / HAW,"privat, staatlich anerkannt",Hamburg,928.0,2004,Nein,Nein,Willy-Brandt-Straße 75,20459.0,Hamburg,http://www.hsba.de
Hamburg KLU,Kühne Logistics University - Wissenschaftliche Hochschule für Logistik und Unternehmensführung,Universitäten,"privat, staatlich anerkannt",Hamburg,309.0,2010,Ja,Nein,Großer Grasbrook 17,20457.0,Hamburg,www.klu.org
Hamburg MSH,MSH Medical School Hamburg - University of Applied Sciences and Medical University,Hochschulen eigenen Typs,"privat, staatlich anerkannt",Hamburg,4845.0,2009,Nein,Nein,Am Kaiserkai 1,20457.0,Hamburg,http://www.medicalschool-hamburg.de
Hamburg NBS,NBS Northern Business School – University of Applied Sciences,Fachhochschulen / HAW,"privat, staatlich anerkannt",Hamburg,914.0,2007,Nein,Nein,Holstenhofweg 62,22043.0,Hamburg,http://www.nbs.de
Hamburg TU,Technische Universität Hamburg,Universitäten,öffentlich-rechtlich,Hamburg,7384.0,1978,Ja,Ja,Am Schwarzenberg-Campus 3 (E),21073.0,Hamburg,http://www.tuhh.de/
Hamburg U,Universität Hamburg,Universitäten,öffentlich-rechtlich,Hamburg,41802.0,1919,Ja,Ja,Mittelweg 177,20148.0,Hamburg,http://www.uni-hamburg.de
Hamburg UBw,Helmut-Schmidt-Universität/Universität der Bundeswehr Hamburg,Universitäten,öffentlich-rechtlich,Hamburg,2546.0,1972,Ja,Ja,Holstenhofweg 85,22043.0,Hamburg,http://www.hsu-hh.de
Hamm-Lippstadt H,Hochschule Hamm-Lippstadt,Fachhochschulen / HAW,öffentlich-rechtlich,Nordrhein-Westfalen,5134.0,2009,Nein,Nein,Marker Allee 76-78,59063.0,Hamm,http://www.hshl.de
Hannover FHDW,Fachhochschule für die Wirtschaft Hannover,Fachhochschulen / HAW,"privat, staatlich anerkannt",Niedersachsen,569.0,1996,Nein,Nein,Freundallee 15,30173.0,Hannover,http://www.fhdw-hannover.de/
Hannover H,Hochschule Hannover,Fachhochschulen / HAW,öffentlich-rechtlich,Niedersachsen,8891.0,1971,Nein,Nein,Expo Plaza 4,30539.0,Hannover,https://www.hs-hannover.de
Hannover HfMTM,"Hochschule für Musik, Theater und Medien Hannover",Künstlerische Hochschulen,öffentlich-rechtlich,Niedersachsen,1395.0,1897,Ja,Ja,Neues Haus 1,30175.0,Hannover,http://www.hmtm-hannover.de
Hannover LeibnizFH,Leibniz-Fachhochschule,Fachhochschulen / HAW,"privat, staatlich anerkannt",Niedersachsen,584.0,1920,Nein,Nein,Expo Plaza 11,30539.0,Hannover,http://www.leibniz-fh.de
Hannover MedH,Medizinische Hochschule Hannover (MHH),Universitäten,öffentlich-rechtlich,Niedersachsen,3923.0,1963,Ja,Ja,Carl-Neuberg-Str. 1,30625.0,Hannover,http://www.mh-hannover.de
Hannover TiHo,Stiftung Tierärztliche Hochschule Hannover,Universitäten,öffentlich-rechtlich,Niedersachsen,2347.0,1778,Ja,Ja,Bünteweg 2,30559.0,Hannover,http://www.tiho-hannover.de
Hannover U,Gottfried Wilhelm Leibniz Universität Hannover,Universitäten,öffentlich-rechtlich,Niedersachsen,27323.0,1831,Ja,Ja,Welfengarten 1,30167.0,Hannover,http://www.uni-hannover.de
Harz H,"Hochschule Harz, Hochschule für angewandte Wissenschaften (FH)",Fachhochschulen / HAW,öffentlich-rechtlich,Sachsen-Anhalt,3017.0,1991,Ja,Nein,Friedrichstraße 57-59,38855.0,Wernigerode,http://www.hs-harz.de
Heidelberg H,SRH Hochschule Heidelberg - Staatlich anerkannte Fachhochschule,Fachhochschulen / HAW,"privat, staatlich anerkannt",Baden-Württemberg,3112.0,1969,Nein,Nein,Ludwig-Guttmann-Str. 6,69123.0,Heidelberg,http://www.hochschule-heidelberg.de/?utm_source=WKZ-HD5003AA04
Heidelberg HfJS,Hochschule für Jüdische Studien Heidelberg,Universitäten,"privat, staatlich anerkannt",Baden-Württemberg,105.0,1979,Ja,Nein,Landfriedstraße 12,69117.0,Heidelberg,http://www.hfjs.eu
Heidelberg HfKiM,Hochschule für Kirchenmusik der Evangelischen Landeskirche in Baden,Künstlerische Hochschulen,"kirchlich, staatlich anerkannt",Baden-Württemberg,44.0,1931,Nein,Nein,Hildastr. 8,69115.0,Heidelberg,http://www.hfk-heidelberg.de
Heidelberg HFresen,Hochschule Fresenius Heidelberg – staatlich anerkannte Hochschule der Hochschule Fresenius für Internationales Management GmbH,Fachhochschulen / HAW,"privat, staatlich anerkannt",Baden-Württemberg,672.0,2012,Nein,Nein,Sickingenstraße 63-65,69126.0,Heidelberg,https://www.hs-fresenius.de/standort/heidelberg/?crmid=aBbWvOcDeBjAaAaA
Heidelberg PH,Pädagogische Hochschule Heidelberg,Universitäten,öffentlich-rechtlich,Baden-Württemberg,5271.0,1904,Ja,Ja,Keplerstraße 87,69120.0,Heidelberg,http://www.ph-heidelberg.de
Heidelberg U,Ruprecht-Karls-Universität Heidelberg,Universitäten,öffentlich-rechtlich,Baden-Württemberg,29534.0,1386,Ja,Ja,Seminarstraße 2,69117.0,Heidelberg,http://www.uni-heidelberg.de
Heilbronn H,"Hochschule Heilbronn, Technik, Wirtschaft, Informatik",Fachhochschulen / HAW,öffentlich-rechtlich,Baden-Württemberg,7159.0,1961,Nein,Nein,Max-Planck-Straße 39,74081.0,Heilbronn,http://www.hs-heilbronn.de
Herford HfKiM,Hochschule für Kirchenmusik der Evangelischen Kirche von Westfalen,Künstlerische Hochschulen,"kirchlich, staatlich anerkannt",Nordrhein-Westfalen,46.0,1948,Nein,Nein,Parkstr. 6,32049.0,Herford,https://www.hochschule-kirchenmusik.de
Hermannsburg FIT,Fachhochschule für Interkulturelle Theologie Hermannsburg,Fachhochschulen / HAW,"privat, staatlich anerkannt",Niedersachsen,78.0,2012,Nein,Nein,Missionsstraße 3-5,29320.0,Hermannsburg,http://www.fh-hermannsburg.de/
Hessen HFinanz/Recht (Verw),Hessische Hochschule für Finanzen und Rechtspflege Rotenburg a.d. Fulda,Verwaltungshochschule,öffentlich-rechtlich,Hessen,2610.0,2006,Nein,Nein,Josef-Durstewitz Straße 2-6,36199.0,Rotenburg,https://studienzentrum-rotenburg.hessen.de/hhfr
Hessen HOeffManagement(Verw),Hessische Hochschule für öffentliches Management und Sicherheit,Verwaltungshochschule,öffentlich-rechtlich,Hessen,4271.0,2022,Nein,Nein,Schönbergstraße 100,65199.0,Wiesbaden,https://hoems.hessen.de/
Hildesheim U,Universität Hildesheim,Universitäten,öffentlich-rechtlich,Niedersachsen,7995.0,1978,Ja,Ja,Universitätsplatz 1,31141.0,Hildesheim,https://www.uni-hildesheim.de
Hildesh./Holzm./Göttingen H,HAWK Hochschule für angewandte Wissenschaft und Kunst Hildesheim/Holzminden/Göttingen,Fachhochschulen / HAW,öffentlich-rechtlich,Niedersachsen,6325.0,1971,Nein,Nein,Hohnsen 4,31134.0,Hildesheim,https://www.hawk.de/de
Hof H,Hochschule für angewandte Wissenschaften Hof,Fachhochschulen / HAW,öffentlich-rechtlich,Bayern,3822.0,1994,Nein,Nein,Alfons-Goppel-Platz 1,95028.0,Hof,http://www.hof-university.de
Hohenheim U,Universität Hohenheim,Universitäten,öffentlich-rechtlich,Baden-Württemberg,8482.0,1818,Ja,Ja,Schloss Hohenheim 1,70599.0,Stuttgart,http://www.uni-hohenheim.de
Idstein HFresen,Hochschule Fresenius,Fachhochschulen / HAW,"privat, staatlich anerkannt",Hessen,16028.0,1848,Nein,Nein,Limburger Straße 2,65510.0,Idstein,https://www.hs-fresenius.de/studienberatung/?crmid=aBbWvOcDaAaAaAaA
Ilmenau TU,Technische Universität Ilmenau,Universitäten,öffentlich-rechtlich,Thüringen,4452.0,1894,Ja,Ja,Ehrenbergstraße 29,98693.0,Ilmenau,http://www.tu-ilmenau.de
Ingolstadt TH,Technische Hochschule Ingolstadt,Fachhochschulen / HAW,öffentlich-rechtlich,Bayern,7537.0,1994,Ja,Nein,Esplanade 10,85049.0,Ingolstadt,https://www.thi.de
Ismaning HAM,Hochschule für angewandtes Management,Fachhochschulen / HAW,"privat, staatlich anerkannt",Bayern,3646.0,2004,Nein,Nein,Steinheilstraße 4,85737.0,Ismaning,http://www.fham.de
Jena H,Ernst-Abbe-Hochschule Jena - University of Applied Sciences,Fachhochschulen / HAW,öffentlich-rechtlich,Thüringen,4330.0,1991,Nein,Nein,Carl-Zeiss-Promenade 2,7745.0,Jena,https://www.eah-jena.de/
Jena U,Friedrich-Schiller-Universität Jena,Universitäten,öffentlich-rechtlich,Thüringen,16588.0,1558,Ja,Ja,Fürstengraben 1,7743.0,Jena,http://www.uni-jena.de
Kaiserslautern H,Hochschule Kaiserslautern (University of Applied Sciences),Fachhochschulen / HAW,öffentlich-rechtlich,Rheinland-Pfalz,5846.0,1996,Nein,Nein,Schoenstr. 11,67659.0,Kaiserslautern,www.hs-kl.de
Kaiserslautern-Landau RPTU,Rheinland-Pfälzische Technische Universität Kaiserslautern-Landau,Universitäten,öffentlich-rechtlich,Rheinland-Pfalz,18520.0,1970,Ja,Ja,Gottlieb-Daimler-Straße 47,67663.0,Kaiserslautern,https://www.rptu.de/
Karlsruhe AkdBK,Staatliche Akademie der Bildenden Künste Karlsruhe,Künstlerische Hochschulen,öffentlich-rechtlich,Baden-Württemberg,362.0,1854,Ja,Nein,Reinhold-Frank-Straße 67,76133.0,Karlsruhe,http://www.kunstakademie-karlsruhe.de
Karlsruhe H,Hochschule Karlsruhe - Technik und Wirtschaft,Fachhochschulen / HAW,öffentlich-rechtlich,Baden-Württemberg,6814.0,1878,Nein,Nein,Moltkestraße 30,76133.0,Karlsruhe,http://www.h-ka.de
Karlsruhe HfGest,Staatliche Hochschule für Gestaltung Karlsruhe,Künstlerische Hochschulen,öffentlich-rechtlich,Baden-Württemberg,376.0,1992,Ja,Nein,Lorenzstr. 15,76135.0,Karlsruhe,http://www.hfg-karlsruhe.de
Karlsruhe HfM,Hochschule für Musik Karlsruhe,Künstlerische Hochschulen,öffentlich-rechtlich,Baden-Württemberg,577.0,1812,Ja,Nein,Am Schloss Gottesaue 7,76131.0,Karlsruhe,http://www.hfm-karlsruhe.de
Karlsruhe KIU,Karlshochschule International University - staatlich anerkannte Hochschule der Karlshochschule gemeinnützige GmbH Karlsruhe,Fachhochschulen / HAW,"privat, staatlich anerkannt",Baden-Württemberg,361.0,2005,Nein,Nein,Karlstraße 36 - 38,76133.0,Karlsruhe,http://www.karlshochschule.de
Karlsruhe PH,Pädagogische Hochschule Karlsruhe,Universitäten,öffentlich-rechtlich,Baden-Württemberg,3552.0,1962,Ja,Ja,Bismarckstraße 10,76133.0,Karlsruhe,http://www.ph-karlsruhe.de
Karlsruhe U KIT,Karlsruher Institut für Technologie,Universitäten,öffentlich-rechtlich,Baden-Württemberg,22201.0,2009,Ja,Ja,Kaiserstraße 12,76131.0,Karlsruhe,http://www.kit.edu
Kassel CVJM,CVJM-Hochschule,Fachhochschulen / HAW,"privat, staatlich anerkannt",Hessen,458.0,2009,Nein,Nein,Hugo-Preuß-Straße 40,34131.0,Kassel,http://www.cvjm-hochschule.de/
Kassel U,Universität Kassel,Universitäten,öffentlich-rechtlich,Hessen,21791.0,1971,Ja,Ja,Mönchebergstraße 19,34125.0,Kassel,http://www.uni-kassel.de
Kempten H,Hochschule für angewandte Wissenschaften Kempten,Fachhochschulen / HAW,öffentlich-rechtlich,Bayern,4777.0,1977,Nein,Nein,Bahnhofstraße 61,87435.0,Kempten,http://www.hs-kempten.de
Kiel FH,Fachhochschule Kiel,Fachhochschulen / HAW,öffentlich-rechtlich,Schleswig-Holstein,7670.0,1969,Nein,Nein,Sokratesplatz 1,24149.0,Kiel,http://www.fh-kiel.de
Kiel KuH,Muthesius Kunsthochschule,Künstlerische Hochschulen,öffentlich-rechtlich,Schleswig-Holstein,541.0,1994,Ja,Nein,Legienstraße 35,24103.0,Kiel,http://www.muthesius-kunsthochschule.de/de/
Kiel U,Christian-Albrechts-Universität zu Kiel,Universitäten,öffentlich-rechtlich,Schleswig-Holstein,25940.0,1665,Ja,Ja,Christian-Albrechts-Platz 4,24118.0,Kiel,http://www.uni-kiel.de
Koblenz H,Hochschule Koblenz,Fachhochschulen / HAW,öffentlich-rechtlich,Rheinland-Pfalz,8992.0,1996,Nein,Nein,Konrad-Zuse-Straße 1,56075.0,Koblenz,http://www.hs-koblenz.de
Koblenz HfG,Hochschule für Gesellschaftsgestaltung,Hochschulen eigenen Typs,"privat, staatlich anerkannt",Rheinland-Pfalz,126.0,2015,Nein,Nein,Kornpfortstraße 15,56068.0,Koblenz,https://www.hfgg.de
Koblenz U,Universität Koblenz,Universitäten,öffentlich-rechtlich,Rheinland-Pfalz,9485.0,1990,Ja,Ja,Universitätsstraße 1,56070.0,Koblenz,https://www.uni-koblenz.de/de
Köln CBS,CBS International Business School - University of Applied Sciences,Fachhochschulen / HAW,"privat, staatlich anerkannt",Nordrhein-Westfalen,2475.0,1993,Nein,Nein,Bahnstraße 6 - 8,50996.0,Köln,https://www.cbs.de/
Köln DSHS,Deutsche Sporthochschule Köln,Universitäten,öffentlich-rechtlich,Nordrhein-Westfalen,6098.0,1947,Ja,Ja,Am Sportpark Müngersdorf 6,50933.0,Köln,http://www.dshs-koeln.de
Köln HfMT,Hochschule für Musik und Tanz Köln,Künstlerische Hochschulen,öffentlich-rechtlich,Nordrhein-Westfalen,1398.0,1845,Ja,Nein,Unter Krahnenbäumen 87,50668.0,Köln,http://www.hfmt-koeln.de
Köln KolpingH,Kolping Hochschule,Fachhochschulen / HAW,"privat, staatlich anerkannt",Nordrhein-Westfalen,19.0,2019,Nein,Nein,Mevissenstr.3,50668.0,Köln,https://www.kolping-hochschule.de/
Köln KuHMedien,Kunsthochschule für Medien Köln,Künstlerische Hochschulen,öffentlich-rechtlich,Nordrhein-Westfalen,413.0,1990,Ja,Nein,Peter-Welter-Platz 2,50676.0,Köln,http://www.khm.de
Köln RheinH,Rheinische Hochschule Köln,Fachhochschulen / HAW,"privat, staatlich anerkannt",Nordrhein-Westfalen,5817.0,1958,Nein,Nein,Schaevenstraße 1a-b,50676.0,Köln,https://www.rh-koeln.de
Köln TH,Technische Hochschule Köln,Fachhochschulen / HAW,öffentlich-rechtlich,Nordrhein-Westfalen,24294.0,1971,Nein,Nein,Claudiusstraße 1,50678.0,Köln,http://www.th-koeln.de
Köln U,Universität zu Köln,Universitäten,öffentlich-rechtlich,Nordrhein-Westfalen,48063.0,1388,Ja,Ja,Albertus-Magnus-Platz,50931.0,Köln,https://uni-koeln.de
Konstanz AllensbachH,"Allensbach Hochschule Konstanz,  staatlich anerkannte Hochschule der European Education Group GmbH",Fachhochschulen / HAW,"privat, staatlich anerkannt",Baden-Württemberg,640.0,1996,Nein,Nein,Lohnerhofstraße 2,78467.0,Konstanz,https://www.allensbach-hochschule.de/
Konstanz H,"Hochschule Konstanz Technik, Wirtschaft und Gestaltung",Fachhochschulen / HAW,öffentlich-rechtlich,Baden-Württemberg,4360.0,1906,Nein,Nein,Alfred-Wachtel-Straße 8,78462.0,Konstanz,http://www.htwg-konstanz.de
Konstanz U,Universität Konstanz,Universitäten,öffentlich-rechtlich,Baden-Württemberg,10472.0,1966,Ja,Ja,Universitätsstraße 10,78464.0,Konstanz,https://www.uni-konstanz.de/
Landshut H,Hochschule Landshut - Hochschule für angewandte Wissenschaften,Fachhochschulen / HAW,öffentlich-rechtlich,Bayern,4674.0,1978,Nein,Nein,Am Lurzenhof 1,84036.0,Landshut,http://www.haw-landshut.de
Leipzig HfGuB,Hochschule für Grafik und Buchkunst Leipzig,Künstlerische Hochschulen,öffentlich-rechtlich,Sachsen,589.0,1764,Ja,Nein,Wächterstraße 11,4107.0,Leipzig,http://www.hgb-leipzig.de
Leipzig HHL,HHL Leipzig Graduate School of Management,Universitäten,"privat, staatlich anerkannt",Sachsen,739.0,1898,Ja,Ja,Jahnallee 59,4109.0,Leipzig,http://www.hhl.de
Leipzig HMT,Hochschule für Musik und Theater Felix Mendelssohn Bartholdy Leipzig,Künstlerische Hochschulen,öffentlich-rechtlich,Sachsen,1129.0,1843,Ja,Nein,Grassistraße 8,4107.0,Leipzig,http://www.hmt-leipzig.de
Leipzig HTWK,"Hochschule für Technik, Wirtschaft und Kultur Leipzig",Fachhochschulen / HAW,öffentlich-rechtlich,Sachsen,6843.0,1992,Nein,Nein,Karl-Liebknecht-Straße 132,4277.0,Leipzig,http://www.htwk-leipzig.de
Leipzig U,Universität Leipzig,Universitäten,öffentlich-rechtlich,Sachsen,29582.0,1409,Ja,Ja,Ritterstraße 26,4109.0,Leipzig,http://www.uni-leipzig.de
Lübeck HfM,Musikhochschule Lübeck,Künstlerische Hochschulen,öffentlich-rechtlich,Schleswig-Holstein,416.0,1973,Ja,Nein,Große Petersgrube 21,23552.0,Lübeck,http://www.mh-luebeck.de
Lübeck TH,Technische Hochschule Lübeck,Fachhochschulen / HAW,öffentlich-rechtlich,Schleswig-Holstein,5138.0,1808,Nein,Nein,Mönkhofer Weg 239,23562.0,Lübeck,https://www.th-luebeck.de/
Lübeck U,Universität zu Lübeck,Universitäten,öffentlich-rechtlich,Schleswig-Holstein,5958.0,1964,Ja,Ja,Ratzeburger Allee 160,23562.0,Lübeck,http://www.uni-luebeck.de
Ludwigsburg PH,Pädagogische Hochschule Ludwigsburg,Universitäten,öffentlich-rechtlich,Baden-Württemberg,5988.0,1962,Ja,Ja,Reuteallee 46,71634.0,Ludwigsburg,http://www.ph-ludwigsburg.de
Ludwigshafen HWG,Hochschule für Wirtschaft und Gesellschaft Ludwigshafen ,Fachhochschulen / HAW,öffentlich-rechtlich,Rheinland-Pfalz,4400.0,1965,Nein,Nein,Ernst-Boehe-Str. 4,67059.0,Ludwigshafen,http://www.hwg-lu.de
Lüneburg U,Leuphana Universität Lüneburg,Universitäten,öffentlich-rechtlich,Niedersachsen,9268.0,1946,Ja,Ja,Universitätsallee 1,21335.0,Lüneburg,https://www.leuphana.de/services/studierendenservice/infoportal-erstauskunft-zum-studium.html
Magdeburg SH,Steinbeis Hochschule,Fachhochschulen / HAW,"privat, staatlich anerkannt",Sachsen-Anhalt,4626.0,1998,Nein,Nein,Hegelstraße 39,39104.0,Magdeburg,https://www.steinbeis-hochschule.de/
Magdeburg-Stendal H,Hochschule Magdeburg-Stendal,Fachhochschulen / HAW,öffentlich-rechtlich,Sachsen-Anhalt,5258.0,1991,Ja,Nein,Breitscheidstraße 2,39114.0,Magdeburg,http://www.h2.de
Magdeburg U,Otto-von-Guericke-Universität Magdeburg,Universitäten,öffentlich-rechtlich,Sachsen-Anhalt,12490.0,1993,Ja,Ja,Universitätsplatz 2,39106.0,Magdeburg,http://www.ovgu.de
Mainz H,Hochschule Mainz,Fachhochschulen / HAW,öffentlich-rechtlich,Rheinland-Pfalz,5621.0,1996,Nein,Nein,Lucy-Hillebrand-Straße 2,55128.0,Mainz,https://www.hs-mainz.de/
Mainz KathH,Katholische Hochschule Mainz Catholic University of Applied Sciences,Fachhochschulen / HAW,"kirchlich, staatlich anerkannt",Rheinland-Pfalz,1543.0,1972,Nein,Nein,Saarstraße 3,55122.0,Mainz,https://www.kh-mz.de/katholische-hochschule/
Mainz U,Johannes Gutenberg-Universität Mainz,Universitäten,öffentlich-rechtlich,Rheinland-Pfalz,29617.0,1477,Ja,Ja,Saarstraße 21,55122.0,Mainz,http://www.uni-mainz.de
Mannheim H,Hochschule Mannheim,Fachhochschulen / HAW,öffentlich-rechtlich,Baden-Württemberg,5034.0,1898,Nein,Nein,Paul-Wittsack-Straße 10,68163.0,Mannheim,http://www.hs-mannheim.de
Mannheim HdBA (Verw),Hochschule der Bundesagentur für Arbeit - Staatlich anerkannte Hochschule für angewandte Wissenschaft in Mannheim und Schwerin (University of Applied Labour Studies of the Federal Employment Agency),Verwaltungshochschule,öffentlich-rechtlich,Baden-Württemberg,1514.0,2006,Nein,Nein,Seckenheimer Landstraße 16,68163.0,Mannheim,http://www.hdba.de/
Mannheim HdWM,Hochschule der Wirtschaft für Management,Fachhochschulen / HAW,"privat, staatlich anerkannt",Baden-Württemberg,290.0,2011,Nein,Nein,Oskar-Meixner-Straße 4-6,68163.0,Mannheim,http://www.hdwm.de
Mannheim HfM,Staatliche Hochschule für Musik und Darstellende Kunst Mannheim,Künstlerische Hochschulen,öffentlich-rechtlich,Baden-Württemberg,575.0,1971,Ja,Nein,"N 7, 18",68161.0,Mannheim,http://www.muho-mannheim.de
Mannheim U,Universität Mannheim,Universitäten,öffentlich-rechtlich,Baden-Württemberg,11397.0,1907,Ja,Ja,Schloss,68161.0,Mannheim,http://www.uni-mannheim.de
Marburg EHTabor,Evangelische Hochschule Tabor,Fachhochschulen / HAW,"privat, staatlich anerkannt",Hessen,165.0,1909,Nein,Nein,Dürerstraße 43,35039.0,Marburg,www.eh-tabor.de
Marburg U,Philipps-Universität Marburg,Universitäten,öffentlich-rechtlich,Hessen,21237.0,1527,Ja,Ja,Biegenstraße 10,35037.0,Marburg,http://www.uni-marburg.de
Merseburg H,Hochschule Merseburg,Fachhochschulen / HAW,öffentlich-rechtlich,Sachsen-Anhalt,2953.0,1992,Ja,Nein,Eberhard-Leibnitz-Straße 2,6217.0,Merseburg,http://www.hs-merseburg.de
Mittelhessen THM,Technische Hochschule Mittelhessen - THM,Fachhochschulen / HAW,öffentlich-rechtlich,Hessen,16795.0,1971,Nein,Nein,Wiesenstraße 14,35390.0,Gießen,http://www.thm.de
Mittweida H,"Hochschule Mittweida, University of Applied Sciences",Fachhochschulen / HAW,öffentlich-rechtlich,Sachsen,6079.0,1867,Nein,Nein,Technikumplatz 17,9648.0,Mittweida,www.hs-mittweida.de
München AkdBK,Akademie der Bildenden Künste München,Künstlerische Hochschulen,öffentlich-rechtlich,Bayern,754.0,1808,Ja,Nein,Akademiestraße 2-4,80799.0,München,http://www.adbk.de/
München HAW,Hochschule für angewandte Wissenschaften München,Fachhochschulen / HAW,öffentlich-rechtlich,Bayern,18062.0,1971,Nein,Nein,Lothstr. 34,80335.0,München,http://www.hm.edu
München HDBW,Hochschule der Bayerischen Wirtschaft für angewandte Wissenschaften - HDBW,Fachhochschulen / HAW,"privat, staatlich anerkannt",Bayern,469.0,2012,Nein,Nein,Konrad-Zuse-Platz 8,81829.0,München,www.hdbw-hochschule.de
München HFF,Hochschule für Fernsehen und Film München,Künstlerische Hochschulen,öffentlich-rechtlich,Bayern,398.0,1966,Ja,Nein,Bernd-Eichinger-Platz 1,80333.0,München,http://www.hff-muc.de
München HMT,Hochschule für Musik und Theater München,Künstlerische Hochschulen,öffentlich-rechtlich,Bayern,1182.0,1830,Ja,Nein,Arcisstraße 12,80333.0,München,http://www.hmtm.de
München HPhil,Hochschule für Philosophie,Universitäten,"kirchlich, staatlich anerkannt",Bayern,419.0,1925,Ja,Ja,Kaulbachstraße 31,80539.0,München,http://www.hfph.de
München IH,Internationale Hochschule SDI München - Hochschule für angewandte Wissenschaften,Fachhochschulen / HAW,"privat, staatlich anerkannt",Bayern,286.0,2007,Nein,Nein,Baierbrunner Straße 28,81379.0,München,https://www.sdi-muenchen.de/hochschule/
München KathH,Katholische    Stiftungshochschule für   angewandte Wissenschaften München - Hochschule der Kirchlichen Stiftung des öffentlichen Rechts Katholische Bildungsstätten für Sozialberufe in Bayern,Fachhochschulen / HAW,"kirchlich, staatlich anerkannt",Bayern,2401.0,1971,Nein,Nein,Preysingstraße 95,81667.0,München,http://www.ksh-muenchen.de
München MBS,Munich Business School - Staatlich anerkannte private Fachhochschule,Fachhochschulen / HAW,"privat, staatlich anerkannt",Bayern,613.0,1991,Nein,Nein,Elsenheimerstraße 61,80687.0,München,http://www.munich-business-school.de
München TUM,Technische Universität München,Universitäten,öffentlich-rechtlich,Bayern,54575.0,1868,Ja,Ja,Arcisstraße 21,80333.0,München,http://www.tum.de
München U,Ludwig-Maximilians-Universität München,Universitäten,öffentlich-rechtlich,Bayern,52086.0,1472,Ja,Ja,Geschwister-Scholl-Platz 1,80539.0,München,http://www.lmu.de
München UBw,Universität der Bundeswehr München,Universitäten,öffentlich-rechtlich,Bayern,3456.0,1973,Ja,Ja,Werner-Heisenberg-Weg 39,85577.0,Neubiberg,http://www.unibw.de
Münster FH,FH Münster University of Applied Sciences,Fachhochschulen / HAW,öffentlich-rechtlich,Nordrhein-Westfalen,15184.0,1971,Nein,Nein,Hüfferstr. 27,48149.0,Münster,https://www.fh-muenster.de/index.php
Münster KuAk,"Kunstakademie Münster, Hochschule für Bildende Künste",Künstlerische Hochschulen,öffentlich-rechtlich,Nordrhein-Westfalen,375.0,1971,Ja,Ja,Leonardo-Campus 2,48149.0,Münster,https://www.kunstakademie-muenster.de/hochschule/organisation-und-verwaltung
Münster PhThH,Philosophisch-Theologische Hochschule Münster - Kirchlich und staatlich anerkannte Hochschule in Trägerschaft der PTH Philosophisch-Theologische Hochschule Münster gemeinnützige GmbH,Universitäten,"kirchlich, staatlich anerkannt",Nordrhein-Westfalen,7.0,1971,Nein,Nein,Kapuzinerstr. 27,48149.0,Münster,http://www.pth-muenster.de
Münster U,Universität Münster,Universitäten,öffentlich-rechtlich,Nordrhein-Westfalen,42458.0,1780,Ja,Ja,Schlossplatz 2,48149.0,Münster,https://www.uni-muenster.de
Neubrandenburg H,Hochschule Neubrandenburg - University of Applied Sciences,Fachhochschulen / HAW,öffentlich-rechtlich,Mecklenburg-Vorpommern,2082.0,1991,Nein,Nein,Brodaer Straße 2,17033.0,Neubrandenburg,http://www.hs-nb.de
Neuendettelsau KiH,Augustana-Hochschule Neuendettelsau,Universitäten,"kirchlich, staatlich anerkannt",Bayern,97.0,1947,Ja,Ja,Waldstraße 11,91564.0,Neuendettelsau,http://www.augustana.de
Neuruppin MHB,Medizinische Hochschule Brandenburg Theodor Fontane,Universitäten,"privat, staatlich anerkannt",Brandenburg,819.0,2014,Nein,Nein,Fehrbelliner Str. 38,16816.0,Neuruppin,http://www.mhb-fontane.de
Neu-Ulm H,Hochschule für angewandte Wissenschaften Neu-Ulm,Fachhochschulen / HAW,öffentlich-rechtlich,Bayern,4077.0,1994,Nein,Nein,Wileystraße 1,89231.0,Neu-Ulm,https://www.hnu.de
Niederrhein H,Hochschule Niederrhein,Fachhochschulen / HAW,öffentlich-rechtlich,Nordrhein-Westfalen,13179.0,1971,Nein,Nein,Reinarzstraße 49,47805.0,Krefeld,http://www.hs-niederrhein.de
Niedersachsen HVerw (Verw),Kommunale Hochschule für Verwaltung in Niedersachsen,Verwaltungshochschule,öffentlich-rechtlich,Niedersachsen,1561.0,2007,Nein,Nein,Wielandstraße 8,30169.0,Hannover,http://www.nsi-hsvn.de/
Nordhausen H,Hochschule Nordhausen,Fachhochschulen / HAW,öffentlich-rechtlich,Thüringen,2035.0,1997,Nein,Nein,Weinberghof 4,99734.0,Nordhausen,http://www.hs-nordhausen.de
Nordhessen FH,DIPLOMA Hochschule - Private Fachhochschule Nordhessen,Fachhochschulen / HAW,"privat, staatlich anerkannt",Hessen,7775.0,1997,Nein,Nein,Am Hegeberg 2,37242.0,Bad Sooden-Allendorf,http://www.diploma.de
Nordrhein-Westfalen DHPol (Verw),Deutsche Hochschule der Polizei,Verwaltungshochschule,öffentlich-rechtlich,Nordrhein-Westfalen,434.0,2008,Ja,Nein,Zum Roten Berge 18,48165.0,Münster,https://www.dhpol.de
Nordrhein-Westfalen FHRecht (Verw),Fachhochschule für Rechtspflege Nordrhein-Westfalen,Verwaltungshochschule,öffentlich-rechtlich,Nordrhein-Westfalen,887.0,1976,Nein,Nein,Schleidtalstraße 3,53902.0,Bad Münstereifel,https://www.fhr.nrw.de/
Nordrhein-Westfalen HFinanz (Verw),Hochschule für Finanzen NRW,Verwaltungshochschule,öffentlich-rechtlich,Nordrhein-Westfalen,2795.0,1976,Nein,Nein,Schloßstraße,59394.0,Nordkirchen,https://www.finanzverwaltung.nrw.de/de/duales-studium-der-hsf-nrw
Nordrhein-Westfalen HSPV (Verw),Hochschule für Polizei und öffentliche Verwaltung Nordrhein-Westfalen,Verwaltungshochschule,öffentlich-rechtlich,Nordrhein-Westfalen,13078.0,1976,Nein,Nein,Haidekamp 73,45886.0,Gelsenkirchen,https://www.hspv.nrw.de/
Nordrhein-Westfalen KathH,Katholische Hochschule Nordrhein-Westfalen - Catholic University of Applied Sciences,Fachhochschulen / HAW,"kirchlich, staatlich anerkannt",Nordrhein-Westfalen,5440.0,1971,Nein,Nein,Wörthstraße 10,50668.0,Köln,http://www.katho-nrw.de
Nordrhein-Westfalen SRH,SRH Hochschule in Nordrhein-Westfalen,Fachhochschulen / HAW,"privat, staatlich anerkannt",Nordrhein-Westfalen,740.0,2005,Nein,Nein,Platz der Deutschen Einheit 1,59065.0,Hamm,https://www.srh-hochschule-nrw.de/?utm_source=wkz-HA91531IM
Nürnberg AkdBK,Akademie der Bildenden Künste Nürnberg,Künstlerische Hochschulen,öffentlich-rechtlich,Bayern,310.0,1662,Nein,Nein,Bingstraße 60,90480.0,Nürnberg,http://www.adbk-nuernberg.de
Nürnberg EvH,Evangelische Hochschule für angewandte Wissenschaften - Evangelische Fachhochschule Nürnberg,Fachhochschulen / HAW,"kirchlich, staatlich anerkannt",Bayern,1211.0,1927,Nein,Nein,Bärenschanzstraße 4,90429.0,Nürnberg,http://www.evhn.de/
Nürnberg HfM,Hochschule für Musik Nürnberg,Künstlerische Hochschulen,öffentlich-rechtlich,Bayern,333.0,2008,Ja,Nein,Veilhofstraße 34,90489.0,Nürnberg,http://www.hfm-nuernberg.de
Nürnberg TH,Technische Hochschule Nürnberg Georg Simon Ohm,Fachhochschulen / HAW,öffentlich-rechtlich,Bayern,12355.0,1823,Nein,Nein,Keßlerplatz 12,90489.0,Nürnberg,https://www.th-nuernberg.de/
Nürnberg TU,Technische Universität Nürnberg,Universitäten,öffentlich-rechtlich,Bayern,18.0,2021,Ja,Nein,Ulmenstraße 52i,90443.0,Nürnberg,https://www.utn.de/
Nürtingen-Geislingen H,Hochschule für Wirtschaft und Umwelt Nürtingen-Geislingen,Fachhochschulen / HAW,öffentlich-rechtlich,Baden-Württemberg,5066.0,1949,Nein,Nein,Neckarsteige 6-10,72622.0,Nürtingen,http://www.hfwu.de
Oberursel LuthThH,Lutherische Theologische Hochschule Oberursel,Universitäten,"kirchlich, staatlich anerkannt",Hessen,17.0,1947,Nein,Nein,Altkönigstraße 150,61440.0,Oberursel,http://www.lthh-oberursel.de
Offenbach HfGest,Hochschule für Gestaltung Offenbach,Künstlerische Hochschulen,öffentlich-rechtlich,Hessen,795.0,1970,Ja,Nein,Schloßstraße 31,63065.0,Offenbach,http://www.hfg-offenbach.de
Offenburg H,"Hochschule für Technik, Wirtschaft und Medien Offenburg",Fachhochschulen / HAW,öffentlich-rechtlich,Baden-Württemberg,3761.0,1964,Nein,Nein,Badstraße 24,77652.0,Offenburg,http://www.hs-offenburg.de
Oldenburg U,Carl von Ossietzky Universität Oldenburg,Universitäten,öffentlich-rechtlich,Niedersachsen,15335.0,1973,Ja,Ja,Ammerländer Heerstraße 114-118,26129.0,Oldenburg,http://www.uol.de
Osnabrück H,Hochschule Osnabrück,Fachhochschulen / HAW,öffentlich-rechtlich,Niedersachsen,13317.0,1971,Nein,Nein,Albrechtstraße 30,49076.0,Osnabrück,http://www.hs-osnabrueck.de
Osnabrück U,Universität Osnabrück,Universitäten,öffentlich-rechtlich,Niedersachsen,13487.0,1973,Ja,Ja,Neuer Graben/Schloss,49074.0,Osnabrück,http://www.uni-osnabrueck.de
Ostfalia H,"Hochschule Braunschweig/Wolfenbüttel, Ostfalia Hochschule für angewandte Wissenschaften",Fachhochschulen / HAW,öffentlich-rechtlich,Niedersachsen,10775.0,1971,Nein,Nein,Salzdahlumer Straße 46/48,38302.0,Wolfenbüttel,http://www.ostfalia.de
Ostwestfalen-Lippe TH,Technische Hochschule Ostwestfalen-Lippe,Fachhochschulen / HAW,öffentlich-rechtlich,Nordrhein-Westfalen,5960.0,1971,Nein,Nein,Campusallee 12,32657.0,Lemgo,http://www.th-owl.de
Ottersberg H,"Hochschule für Künste im Sozialen, Ottersberg",Fachhochschulen / HAW,"privat, staatlich anerkannt",Niedersachsen,325.0,1967,Nein,Nein,Große Straße 107,28870.0,Ottersberg,https://www.hks-ottersberg.de
Paderborn FHDW,Fachhochschule der Wirtschaft,Fachhochschulen / HAW,"privat, staatlich anerkannt",Nordrhein-Westfalen,2021.0,1993,Nein,Nein,Fürstenallee 5,33102.0,Paderborn,https://www.fhdw.de
Paderborn ThFak,Theologische Fakultät Paderborn,Universitäten,"kirchlich, staatlich anerkannt",Nordrhein-Westfalen,60.0,1614,Ja,Ja,Kamp 6,33098.0,Paderborn,http://www.thf-paderborn.de/
Paderborn U,Universität Paderborn,Universitäten,öffentlich-rechtlich,Nordrhein-Westfalen,17228.0,1972,Ja,Ja,Warburger Straße 100,33098.0,Paderborn,http://www.uni-paderborn.de
Passau U,Universität Passau,Universitäten,öffentlich-rechtlich,Bayern,10881.0,1973,Ja,Ja,Innstraße 41,94032.0,Passau,http://www.uni-passau.de
Pforzheim H,"Hochschule Pforzheim - Gestaltung, Technik, Wirtschaft und Recht",Fachhochschulen / HAW,öffentlich-rechtlich,Baden-Württemberg,5659.0,1877,Nein,Nein,Tiefenbronner Straße 65,75175.0,Pforzheim,http://www.hs-pforzheim.de/
Potsdam-Babelsberg FilmU,Filmuniversität Babelsberg Konrad Wolf,Künstlerische Hochschulen,öffentlich-rechtlich,Brandenburg,947.0,1954,Ja,Nein,Marlene-Dietrich-Allee 11,14482.0,Potsdam,https://www.filmuniversitaet.de/
Potsdam CHP,Hochschule Clara Hoffbauer (HCHP) - University of Applied Sciences,Fachhochschulen / HAW,"privat, staatlich anerkannt",Brandenburg,119.0,2016,Nein,Nein,Hermannswerder 7,14473.0,Potsdam,https://hchp.de/
Potsdam FH,Fachhochschule Potsdam,Fachhochschulen / HAW,öffentlich-rechtlich,Brandenburg,3730.0,1991,Nein,Nein,Kiepenheuerallee 5,14469.0,Potsdam,https://www.fh-potsdam.de
Potsdam FHSport,Fachhochschule für Sport und Management Potsdam,Fachhochschulen / HAW,"privat, staatlich anerkannt",Brandenburg,553.0,2009,Nein,Nein,Olympischer Weg 7,14471.0,Potsdam,www.fhsmp.de
Potsdam GISMA,Gisma University of Applied Sciences,Fachhochschulen / HAW,"privat, staatlich anerkannt",Brandenburg,834.0,2020,Nein,Nein,Konrad-Zuse-Ring 11,14469.0,Potsdam,https://www.gisma.com
Potsdam GU,GU Deutsche Hochschule für Angewandte Wissenschaften - German University of Applied Sciences,Fachhochschulen / HAW,"privat, staatlich anerkannt",Brandenburg,50.0,2022,Nein,Nein,Jägerallee 26,14469.0,Potsdam,https://gu-hochschule.de/
Potsdam HSD,HSD Hochschule Döpfer,Fachhochschulen / HAW,"privat, staatlich anerkannt",Brandenburg,1405.0,2013,Nein,Nein,Tuchmacherstraße 48b,14482.0,Potsdam,https://www.hs-doepfer.de/
Potsdam U,Universität Potsdam,Universitäten,öffentlich-rechtlich,Brandenburg,20401.0,1991,Ja,Ja,Am Neuen Palais 10,14469.0,Potsdam,http://www.uni-potsdam.de
Potsdam UE,University of Europe for Applied Sciences,Fachhochschulen / HAW,"privat, staatlich anerkannt",Brandenburg,4787.0,2000,Nein,Nein,Konrad-Zuse-Ring 11,14469.0,Potsdam,https://www.ue-germany.com/
Potsdam XU,XU Exponential University of Applied Sciences,Fachhochschulen / HAW,"privat, staatlich anerkannt",Brandenburg,176.0,2018,Nein,Nein,August-Bebel-Straße 26-53,14482.0,Potsdam,https://xu-university.com
Ravensburg-Weingarten H,Hochschule Ravensburg-Weingarten,Fachhochschulen / HAW,öffentlich-rechtlich,Baden-Württemberg,3448.0,1964,Nein,Nein,Doggenriedstraße 70,88250.0,Weingarten,http://www.rwu.de
Regensburg HfKiM,Hochschule für Katholische Kirchenmusik und Musikpädagogik,Künstlerische Hochschulen,"kirchlich, staatlich anerkannt",Bayern,121.0,2001,Nein,Nein,Andreasstraße 9,93059.0,Regensburg,http://www.hfkm-regensburg.de
Regensburg OTH,Ostbayerische Technische Hochschule Regensburg,Fachhochschulen / HAW,öffentlich-rechtlich,Bayern,10704.0,1971,Nein,Nein,Seybothstraße 2,93053.0,Regensburg,http://www.oth-regensburg.de
Regensburg U,Universität Regensburg,Universitäten,öffentlich-rechtlich,Bayern,20353.0,1962,Ja,Ja,Universitätsstraße 31,93053.0,Regensburg,https://www.uni-regensburg.de
Reutlingen HTWID,"Hochschule Reutlingen, Hochschule für Technik-  Wirtschaft-Informatik-Design",Fachhochschulen / HAW,öffentlich-rechtlich,Baden-Württemberg,4933.0,1855,Nein,Nein,Alteburgstraße 150,72762.0,Reutlingen,http://www.reutlingen-university.de/
Reutlingen ThH,Theologische Hochschule Reutlingen - staatlich anerkannte Fachhochschule der Evangelisch-methodistischen Kirche,Fachhochschulen / HAW,"kirchlich, staatlich anerkannt",Baden-Württemberg,105.0,1877,Nein,Nein,Friedrich-Ebert-Straße 31,72762.0,Reutlingen,http://www.th-reutlingen.de
Rheinland-Pfalz HVerw (Verw),Hochschule für öffentliche Verwaltung Rheinland-Pfalz,Verwaltungshochschule,öffentlich-rechtlich,Rheinland-Pfalz,912.0,1981,Nein,Nein,St.-Veit-Straße 26-28,56727.0,Mayen,https://hoev-rlp.de/de/ueber-die-hochschule/kontakt/
RheinMain H,Hochschule RheinMain,Fachhochschulen / HAW,öffentlich-rechtlich,Hessen,12945.0,1971,Ja,Nein,Kurt-Schumacher-Ring 18,65197.0,Wiesbaden,https://www.hs-rm.de/de/
Rhein-Waal H,Hochschule Rhein-Waal - University of Applied Sciences,Fachhochschulen / HAW,öffentlich-rechtlich,Nordrhein-Westfalen,6465.0,2009,Nein,Nein,Marie-Curie-Str. 1,47533.0,Kleve,http://www.hochschule-rhein-waal.de/
Riedlingen SRH,SRH Fernhochschule - The Mobile University,Fachhochschulen / HAW,"privat, staatlich anerkannt",Baden-Württemberg,8746.0,1996,Nein,Nein,Kirchstraße 26,88499.0,Riedlingen,https://www.mobile-university.de
Rosenheim TH,Technische Hochschule Rosenheim,Fachhochschulen / HAW,öffentlich-rechtlich,Bayern,6648.0,1971,Nein,Nein,Hochschulstraße 1,83024.0,Rosenheim,http://www.th-rosenheim.de/
Rostock HMT,Hochschule für Musik und Theater Rostock,Künstlerische Hochschulen,öffentlich-rechtlich,Mecklenburg-Vorpommern,567.0,1994,Ja,Ja,Beim St.-Katharinenstift 8,18055.0,Rostock,http://www.hmt-rostock.de
Rostock U,Universität Rostock,Universitäten,öffentlich-rechtlich,Mecklenburg-Vorpommern,12678.0,1419,Ja,Ja,Universitätsplatz 1,18055.0,Rostock,http://www.uni-rostock.de
Rottenburg H,Hochschule für Forstwirtschaft Rottenburg,Fachhochschulen / HAW,öffentlich-rechtlich,Baden-Württemberg,941.0,1954,Nein,Nein,Schadenweilerhof,72108.0,Rottenburg,http://www.hs-rottenburg.net
Rottenburg HfKiM,Hochschule für Kirchenmusik der Diözese Rottenburg-Stuttgart,Künstlerische Hochschulen,"kirchlich, staatlich anerkannt",Baden-Württemberg,19.0,1949,Nein,Nein,St.-Meinrad-Weg 6,72108.0,Rottenburg,www.kirchenmusik-hochschule.org
Ruhr West H,Hochschule Ruhr West- University of Applied Sciences,Fachhochschulen / HAW,öffentlich-rechtlich,Nordrhein-Westfalen,5999.0,2009,Nein,Nein,Duisburger Straße 100,45479.0,Mülheim,http://www.hochschule-ruhr-west.de
Saarbrücken DHfPG,Deutsche Hochschule für Prävention und Gesundheitsmanagement GmbH,Fachhochschulen / HAW,"privat, staatlich anerkannt",Saarland,7133.0,2001,Nein,Nein,Hermann-Neuberger-Straße 3,66123.0,Saarbrücken,http://www.dhfpg.de
Saarbrücken HfM,Hochschule für Musik Saar,Künstlerische Hochschulen,öffentlich-rechtlich,Saarland,501.0,1947,Ja,Nein,Bismarckstraße 1,66111.0,Saarbrücken,www.hfmsaar.de
Saarbrücken HTW,Hochschule für Technik und Wirtschaft des Saarlandes,Fachhochschulen / HAW,öffentlich-rechtlich,Saarland,5942.0,1971,Nein,Nein,Goebenstraße 40,66117.0,Saarbrücken,http://www.htwsaar.de
Saarbrücken U,Universität des Saarlandes,Universitäten,öffentlich-rechtlich,Saarland,15949.0,1948,Ja,Ja,Campus,66123.0,Saarbrücken,https://www.uni-saarland.de
Saar HBK,Hochschule der Bildenden Künste Saar,Künstlerische Hochschulen,öffentlich-rechtlich,Saarland,434.0,1989,Ja,Nein,Keplerstraße 3-5,66117.0,Saarbrücken,https://www.hbksaar.de
Saarland FHVerw (Verw),Fachhochschule der Verwaltung des Saarlandes,Verwaltungshochschule,öffentlich-rechtlich,Saarland,802.0,1980,Nein,Nein,Am Campus 7,66287.0,Quierschied,https://www.saarland.de/fhsv/DE/home/home_node.html
Sachsen-Anhalt FHPol (Verw),Fachhochschule Polizei Sachsen-Anhalt,Verwaltungshochschule,öffentlich-rechtlich,Sachsen-Anhalt,705.0,1997,Nein,Nein,Schmidtmannstraße 86,6449.0,Aschersleben,https://fh-polizei.sachsen-anhalt.de/fachhochschule
Sachsen HPol (Verw),Hochschule der Sächsischen Polizei (FH),Verwaltungshochschule,öffentlich-rechtlich,Sachsen,640.0,1994,Nein,Nein,Friedensstraße 120,2929.0,Rothenburg,https://www.polizei.sachsen.de/de/polfh.htm
Sachsen HVerw (VerwH),"Hochschule für öffentliche Verwaltung und Rechtspflege (FH), Fortbildungszentrum des Freistaates Sachsen (HSF)",Verwaltungshochschule,öffentlich-rechtlich,Sachsen,1035.0,1992,Nein,Nein,Herbert-Böhme-Straße 11,1662.0,Meißen,https://www.hsf.sachsen.de/
Schleswig-Holstein DHSH,Duale Hochschule Schleswig-Holstein - staatlich anerkannte Hochschule für angewandte Wissenschaften in Trägerschaft der Wirtschaftsakademie Schleswig-Holstein,Fachhochschulen / HAW,"privat, staatlich anerkannt",Schleswig-Holstein,512.0,2018,Nein,Nein,Hans-Detlev-Prien-Straße 10,24106.0,Kiel,https://www.dhsh.de
Schleswig-Holstein FHVD (Verw),Fachhochschule für Verwaltung und Dienstleistung in Schleswig-Holstein,Verwaltungshochschule,öffentlich-rechtlich,Schleswig-Holstein,1716.0,1975,Nein,Nein,Rehmkamp 10,24161.0,Altenholz,https://www.fhvd-sh.de/hochschule/fhvd/
Schmalkalden H,Hochschule Schmalkalden,Fachhochschulen / HAW,öffentlich-rechtlich,Thüringen,2564.0,1991,Nein,Nein,Blechhammer 9,98574.0,Schmalkalden,http://www.hs-schmalkalden.de
Schwäbisch Gmünd HGest,Hochschule für Gestaltung Schwäbisch Gmünd,Fachhochschulen / HAW,öffentlich-rechtlich,Baden-Württemberg,678.0,1909,Nein,Nein,Rektor-Klaus-Str. 100,73525.0,Schwäbisch Gmünd,http://www.hfg-gmuend.de
Schwäbisch Gmünd PH,Pädagogische Hochschule Schwäbisch Gmünd,Universitäten,öffentlich-rechtlich,Baden-Württemberg,2780.0,1962,Ja,Ja,Oberbettringer Str. 200,73525.0,Schwäbisch Gmünd,https://www.ph-gmuend.de
Siegen U,Universität Siegen,Universitäten,öffentlich-rechtlich,Nordrhein-Westfalen,15186.0,1972,Ja,Ja,Adolf-Reichwein-Straße 2,57076.0,Siegen,http://www.uni-siegen.de
Speyer DUV,Deutsche Universität für Verwaltungswissenschaften Speyer,Universitäten,öffentlich-rechtlich,Rheinland-Pfalz,278.0,1947,Ja,Ja,Freiherr-vom-Stein-Straße 2,67346.0,Speyer,http://www.uni-speyer.de
Stralsund H,Hochschule Stralsund,Fachhochschulen / HAW,öffentlich-rechtlich,Mecklenburg-Vorpommern,2268.0,1991,Nein,Nein,Zur Schwedenschanze 15,18435.0,Stralsund,www.hochschule-stralsund.de
Stuttgart AKAD,AKAD Hochschule Stuttgart - staatlich anerkannt,Fachhochschulen / HAW,"privat, staatlich anerkannt",Baden-Württemberg,6370.0,1959,Nein,Nein,Heilbronner Str. 86,70191.0,Stuttgart,https://www.akad.de/?wkz=7007AA
Stuttgart AkdBK,Staatliche Akademie der Bildenden Künste Stuttgart,Künstlerische Hochschulen,öffentlich-rechtlich,Baden-Württemberg,801.0,1761,Ja,Ja,Am Weißenhof 1,70191.0,Stuttgart,http://www.abk-stuttgart.de
Stuttgart DH,Duale Hochschule Baden-Württemberg,Hochschulen eigenen Typs,öffentlich-rechtlich,Baden-Württemberg,32647.0,2009,Nein,Nein,Friedrichstraße 14.,70174.0,Stuttgart,http://www.dhbw.de
Stuttgart H,Hochschule für Technik Stuttgart,Fachhochschulen / HAW,öffentlich-rechtlich,Baden-Württemberg,3945.0,1832,Nein,Nein,Schellingstraße 24,70174.0,Stuttgart,http://www.hft-stuttgart.de
Stuttgart HdM,Hochschule der Medien Stuttgart,Fachhochschulen / HAW,öffentlich-rechtlich,Baden-Württemberg,5513.0,1903,Nein,Nein,Nobelstraße 10,70569.0,Stuttgart,http://www.hdm-stuttgart.de
Stuttgart HfK+G,Hochschule für Kommunikation und Gestaltung,Fachhochschulen / HAW,"privat, staatlich anerkannt",Baden-Württemberg,59.0,2013,Nein,Nein,Kölner Straße 38,70376.0,Stuttgart,www.hfk-bw.de
Stuttgart HfM,Staatliche Hochschule für Musik und Darstellende Kunst Stuttgart,Künstlerische Hochschulen,öffentlich-rechtlich,Baden-Württemberg,757.0,1857,Ja,Nein,Urbanstraße 25,70182.0,Stuttgart,http://www.hmdk-stuttgart.de
Stuttgart MAW,Hochschule Macromedia - staatlich anerkannte Hochschule für angewandte Wissenschaften der Macromedia GmbH mit Sitz in Stuttgart,Fachhochschulen / HAW,"privat, staatlich anerkannt",Baden-Württemberg,5190.0,2006,Nein,Nein,Naststraße 11/Im Römerkastell,70376.0,Stuttgart,http://www.macromedia-fachhochschule.de/
Stuttgart MediaAk,media Akademie - Hochschule Stuttgart,Fachhochschulen / HAW,"privat, staatlich anerkannt",Baden-Württemberg,13.0,2015,Nein,Nein,Tübinger Str. 12-16,70178.0,Stuttgart,www.media-hs.de
Stuttgart MerzAk,"Merz Akademie Hochschule für Gestaltung, Kunst und Medien, Stuttgart - Staatlich anerkannt",Fachhochschulen / HAW,"privat, staatlich anerkannt",Baden-Württemberg,208.0,1985,Nein,Nein,Teckstraße 58,70190.0,Stuttgart,http://www.merz-akademie.de
Stuttgart U,Universität Stuttgart,Universitäten,öffentlich-rechtlich,Baden-Württemberg,21141.0,1829,Ja,Ja,Keplerstraße 7,70174.0,Stuttgart,http://www.uni-stuttgart.de
Stuttgart U Waldorf,Freie Hochschule Stuttgart - Seminar für Waldorfpädagogik. Staatlich anerkannte wissenschaftliche Hochschule.,Universitäten,"privat, staatlich anerkannt",Baden-Württemberg,304.0,1919,Nein,Nein,Haußmannstraße 44a,70188.0,Stuttgart,http://www.freie-hochschule-stuttgart.de
Stuttgart VWA,VWA-Hochschule für berufsbegleitendes Studium,Fachhochschulen / HAW,"privat, staatlich anerkannt",Baden-Württemberg,33.0,2013,Nein,Nein,Wolframstraße 32,70191.0,Stuttgart,https://www.vwa-hochschule.de
Südwestfalen FH,Fachhochschule Südwestfalen,Fachhochschulen / HAW,öffentlich-rechtlich,Nordrhein-Westfalen,10995.0,2002,Nein,Nein,Baarstraße 6,58636.0,Iserlohn,https://www.fh-swf.de
Thüringen VerwH (Verw),Thüringer Fachhochschule für öffentliche Verwaltung,Verwaltungshochschule,öffentlich-rechtlich,Thüringen,641.0,1994,Nein,Nein,Bahnhofstraße 12,99867.0,Gotha,https://bildungszentrum.thueringen.de/thueringer-fachhochschule-fuer-oeffentliche-verwaltung
Trier H,Hochschule Trier - Trier University of Applied Sciences,Fachhochschulen / HAW,öffentlich-rechtlich,Rheinland-Pfalz,6688.0,1971,Nein,Nein,Schneidershof,54293.0,Trier,http://www.hochschule-trier.de/
Trier ThFak,Theologische Fakultät Trier,Universitäten,"kirchlich, staatlich anerkannt",Rheinland-Pfalz,150.0,1950,Ja,Ja,Universitätsring 19,54296.0,Trier,https://theologie-trier.de/
Trier U,Universität Trier,Universitäten,öffentlich-rechtlich,Rheinland-Pfalz,10518.0,1970,Ja,Ja,Universitätsring 15,54296.0,Trier,http://www.uni-trier.de
Trossingen HfM,Staatliche Hochschule für Musik Trossingen,Künstlerische Hochschulen,öffentlich-rechtlich,Baden-Württemberg,419.0,1944,Ja,Nein,Schultheiß-Koch-Platz 3,78647.0,Trossingen,https://www.hfm-trossingen.de
Tübingen HfKiM,Hochschule für Kirchenmusik der Evangelischen Landeskirche in Württemberg,Künstlerische Hochschulen,"kirchlich, staatlich anerkannt",Baden-Württemberg,19.0,1945,Nein,Nein,Gartenstraße 12,72074.0,Tübingen,http://www.kirchenmusikhochschule.de
Tübingen U,Eberhard Karls Universität Tübingen,Universitäten,öffentlich-rechtlich,Baden-Württemberg,28239.0,1477,Ja,Ja,Geschwister-Scholl-Platz,72074.0,Tübingen,http://www.uni-tuebingen.de
Ulm TH,Technische Hochschule Ulm,Fachhochschulen / HAW,öffentlich-rechtlich,Baden-Württemberg,2966.0,1960,Nein,Nein,Prittwitzstraße 10,89075.0,Ulm,http://www.thu.de
Ulm U,Universität Ulm,Universitäten,öffentlich-rechtlich,Baden-Württemberg,9978.0,1967,Ja,Ja,Albert-Einstein-Allee 11,89081.0,Ulm,http://www.uni-ulm.de
Vallendar VP-Uni,Vinzenz Pallotti University - kirchlich und staatlich anerkannte wissenschaftliche Hochschule in freier Trägerschaft,Universitäten,"kirchlich, staatlich anerkannt",Rheinland-Pfalz,254.0,1896,Ja,Ja,Pallottistraße 3,56179.0,Vallendar,https://vp-uni.de/
Vallendar WHU,WHU - Otto Beisheim School of Management,Universitäten,"privat, staatlich anerkannt",Rheinland-Pfalz,1961.0,1984,Ja,Ja,Burgplatz 2,56179.0,Vallendar,http://www.whu.edu
Vechta/Diepholz PHWT,Private Hochschule für Wirtschaft und Technik Vechta/Diepholz,Fachhochschulen / HAW,"privat, staatlich anerkannt",Niedersachsen,517.0,1998,Nein,Nein,Rombergstraße 40,49377.0,Vechta,https://www.phwt.de
Vechta U,Universität Vechta,Universitäten,öffentlich-rechtlich,Niedersachsen,3714.0,1995,Ja,Ja,Driverstraße 22,49377.0,Vechta,http://www.uni-vechta.de
Wedel FH,Fachhochschule Wedel,Fachhochschulen / HAW,"privat, staatlich anerkannt",Schleswig-Holstein,1128.0,1948,Nein,Nein,Feldstraße 143,22880.0,Wedel,http://www.fh-wedel.de
Weihenstephan-Triesdorf H,Hochschule für angewandte Wissenschaften Weihenstephan-Triesdorf,Fachhochschulen / HAW,öffentlich-rechtlich,Bayern,5692.0,1971,Nein,Nein,Am Hofgarten 4,85354.0,Freising,https://www.hswt.de/
Weimar HfM,Hochschule für Musik Franz Liszt Weimar,Künstlerische Hochschulen,öffentlich-rechtlich,Thüringen,752.0,1872,Ja,Nein,Platz der Demokratie 2/3,99423.0,Weimar,http://www.hfm-weimar.de
Weimar U,Bauhaus-Universität Weimar,Universitäten,öffentlich-rechtlich,Thüringen,3955.0,1860,Ja,Ja,Geschwister-Scholl-Straße 8,99423.0,Weimar,http://www.uni-weimar.de/studium
Weingarten PH,Pädagogische Hochschule Weingarten,Universitäten,öffentlich-rechtlich,Baden-Württemberg,3307.0,1949,Ja,Ja,Kirchplatz 2,88250.0,Weingarten,https://www.ph-weingarten.de/die-ph-weingarten/
Weserbergland H,Hochschule Weserbergland,Fachhochschulen / HAW,"privat, staatlich anerkannt",Niedersachsen,443.0,2010,Nein,Nein,Am Stockhof 2,31785.0,Hameln,https://www.hsw-hameln.de
Westfälische H,"Westfälische Hochschule Gelsenkirchen, Bocholt, Recklinghausen",Fachhochschulen / HAW,öffentlich-rechtlich,Nordrhein-Westfalen,7620.0,1992,Nein,Nein,Neidenburger Straße 43,45897.0,Gelsenkirchen,http://www.w-hs.de
Westküste FH,"Fachhochschule Westküste, Hochschule für Wirtschaft und Technik",Fachhochschulen / HAW,öffentlich-rechtlich,Schleswig-Holstein,1572.0,1994,Nein,Nein,Fritz-Thiedemann-Ring 20,25746.0,Heide,http://www.fh-westkueste.de
Wiesbaden CFH,Charlotte Fresenius Hochschule,Universitäten,"privat, staatlich anerkannt",Hessen,575.0,2021,Nein,Nein,Moritzstr. 17a,65185.0,Wiesbaden,https://www.charlotte-fresenius-uni.de/?crmid=aBbWvOcHiAaAaAaA
Wiesbaden EBS,EBS Universität für Wirtschaft und Recht,Universitäten,"privat, staatlich anerkannt",Hessen,1719.0,1971,Ja,Ja,Gustav-Stresemann-Ring 3,65189.0,Wiesbaden,http://www.ebs.edu
Wildau TH,Technische Hochschule Wildau,Fachhochschulen / HAW,öffentlich-rechtlich,Brandenburg,3357.0,1991,Nein,Nein,Hochschulring 1,15745.0,Wildau,http://www.th-wildau.de/
Wilhelmshaven/Oldenburg/Elsfleth H,Jade Hochschule -  Wilhelmshaven/Oldenburg/Elsfleth,Fachhochschulen / HAW,öffentlich-rechtlich,Niedersachsen,6399.0,2009,Nein,Nein,Friedrich-Paffrath-Straße 101,26389.0,Wilhelmshaven,http://www.jade-hs.de
Wismar H,"Hochschule Wismar - University of Applied Sciences: Technology, Business and Design",Fachhochschulen / HAW,öffentlich-rechtlich,Mecklenburg-Vorpommern,8048.0,1908,Nein,Nein,Philipp-Müller-Straße 14,23966.0,Wismar,https://www.hs-wismar.de
Witten/ Herdecke U,Private Universität Witten/Herdecke gGmbH,Universitäten,"privat, staatlich anerkannt",Nordrhein-Westfalen,3011.0,1982,Ja,Ja,Alfred-Herrhausen-Str. 50,58448.0,Witten,https://www.uni-wh.de/
Worms H,"Hochschule Worms, University of Applied Sciences",Fachhochschulen / HAW,öffentlich-rechtlich,Rheinland-Pfalz,3391.0,1996,Nein,Nein,Erenburgerstr. 19,67549.0,Worms,http://www.hs-worms.de
Wuppertal KiH,Kirchliche Hochschule Wuppertal,Universitäten,"kirchlich, staatlich anerkannt",Nordrhein-Westfalen,177.0,1935,Ja,Ja,Missionsstraße 9 a/b,42285.0,Wuppertal,https://www.kiho-wuppertal.de/
Wuppertal U,Bergische Universität Wuppertal,Universitäten,öffentlich-rechtlich,Nordrhein-Westfalen,21289.0,1972,Ja,Ja,Gaußstraße 20,42119.0,Wuppertal,https://www.uni-wuppertal.de/de/
Würzburg HfM,Hochschule für Musik Würzburg,Künstlerische Hochschulen,öffentlich-rechtlich,Bayern,530.0,1804,Ja,Nein,Hofstallstraße 6-8,97070.0,Würzburg,http://www.hfm-wuerzburg.de
Würzburg-Schweinfurt TH,Technische Hochschule Würzburg-Schweinfurt,Fachhochschulen / HAW,öffentlich-rechtlich,Bayern,9250.0,1971,Nein,Nein,Münzstraße 12,97070.0,Würzburg,http://www.thws.de
Würzburg U,Julius-Maximilians-Universität Würzburg,Universitäten,öffentlich-rechtlich,Bayern,26126.0,1402,Ja,Ja,Sanderring 2,97070.0,Würzburg,http://www.uni-wuerzburg.de
Zittau/ Görlitz H,Hochschule Zittau/Görlitz,Fachhochschulen / HAW,öffentlich-rechtlich,Sachsen,2532.0,1992,Nein,Nein,Theodor-Körner-Allee 16,2763.0,Zittau,http://www.hszg.de/
Zwickau H,Westsächsische Hochschule Zwickau,Fachhochschulen / HAW,öffentlich-rechtlich,Sachsen,2931.0,1897,Nein,Nein,Kornmarkt 1,8056.0,Zwickau,http://www.fh-zwickau.de
